-- MySQL dump 10.13  Distrib 8.0.41, for Linux (x86_64)
--
-- Host: localhost    Database: mydb
-- ------------------------------------------------------
-- Server version	8.0.41

/*!40101 SET @OLD_CHARACTER_SET_CLIENT=@@CHARACTER_SET_CLIENT */;
/*!40101 SET @OLD_CHARACTER_SET_RESULTS=@@CHARACTER_SET_RESULTS */;
/*!40101 SET @OLD_COLLATION_CONNECTION=@@COLLATION_CONNECTION */;
/*!50503 SET NAMES utf8mb4 */;
/*!40103 SET @OLD_TIME_ZONE=@@TIME_ZONE */;
/*!40103 SET TIME_ZONE='+00:00' */;
/*!40014 SET @OLD_UNIQUE_CHECKS=@@UNIQUE_CHECKS, UNIQUE_CHECKS=0 */;
/*!40014 SET @OLD_FOREIGN_KEY_CHECKS=@@FOREIGN_KEY_CHECKS, FOREIGN_KEY_CHECKS=0 */;
/*!40101 SET @OLD_SQL_MODE=@@SQL_MODE, SQL_MODE='NO_AUTO_VALUE_ON_ZERO' */;
/*!40111 SET @OLD_SQL_NOTES=@@SQL_NOTES, SQL_NOTES=0 */;

--
-- Table structure for table `category`
--

DROP TABLE IF EXISTS `category`;
/*!40101 SET @saved_cs_client     = @@character_set_client */;
/*!50503 SET character_set_client = utf8mb4 */;
CREATE TABLE `category` (
  `categoryID` int NOT NULL AUTO_INCREMENT,
  `category_name` varchar(100) NOT NULL,
  `sub_categoryID` int NOT NULL,
  `created_at` datetime NOT NULL DEFAULT CURRENT_TIMESTAMP,
  PRIMARY KEY (`categoryID`),
  KEY `fk_sub_category_1_idx` (`sub_categoryID`),
  CONSTRAINT `fk_category` FOREIGN KEY (`sub_categoryID`) REFERENCES `sub_category` (`sub_categoryID`)
) ENGINE=InnoDB AUTO_INCREMENT=43 DEFAULT CHARSET=utf8mb3;
/*!40101 SET character_set_client = @saved_cs_client */;

--
-- Dumping data for table `category`
--

LOCK TABLES `category` WRITE;
/*!40000 ALTER TABLE `category` DISABLE KEYS */;
INSERT INTO `category` VALUES (2,'Baby',9,'2024-09-10 08:40:58'),(3,'Jewelry',9,'2024-12-04 16:00:20'),(5,'Tools',4,'2025-02-27 10:14:06'),(6,'Grocery',9,'2024-05-12 00:38:20'),(10,'Health',7,'2024-08-15 07:10:18'),(15,'Games',2,'2024-08-02 07:19:06'),(23,'Home',20,'2024-09-02 02:41:11'),(25,'Grocery',4,'2025-04-10 19:51:11'),(28,'Tools',17,'2025-01-28 00:19:43'),(29,'Games',18,'2024-04-30 11:17:08'),(30,'Garden',20,'2024-08-30 11:40:52'),(32,'Games',2,'2024-08-13 11:31:55'),(33,'Industrial',2,'2025-04-02 14:52:19'),(35,'Home',9,'2024-07-22 23:48:06'),(37,'Tools',4,'2025-03-04 12:09:02'),(40,'Shoes',18,'2024-07-12 10:23:16');
/*!40000 ALTER TABLE `category` ENABLE KEYS */;
UNLOCK TABLES;

--
-- Table structure for table `product`
--

DROP TABLE IF EXISTS `product`;
/*!40101 SET @saved_cs_client     = @@character_set_client */;
/*!50503 SET character_set_client = utf8mb4 */;
CREATE TABLE `product` (
  `productID` int NOT NULL AUTO_INCREMENT,
  `categoryID` int NOT NULL,
  `sub_categoryID` int NOT NULL,
  `sub_sub_categoryID` int NOT NULL,
  `product_name` varchar(100) NOT NULL,
  `product_weight` int DEFAULT NULL,
  `product_price` float DEFAULT NULL,
  `product_stock` int DEFAULT NULL,
  `product_min_stock` int DEFAULT NULL,
  `product_number_code` varchar(45) DEFAULT NULL,
  `created_at` datetime DEFAULT CURRENT_TIMESTAMP,
  `updated_at` datetime DEFAULT CURRENT_TIMESTAMP,
  `product_img` blob,
  `product_description` text,
  PRIMARY KEY (`productID`),
  KEY `fk_product_1_idx` (`categoryID`),
  KEY `fk_product_2_idx` (`sub_categoryID`),
  KEY `fk_product_3_idx` (`sub_sub_categoryID`),
  CONSTRAINT `fk_product_category` FOREIGN KEY (`categoryID`) REFERENCES `category` (`categoryID`),
  CONSTRAINT `fk_product_sub_category` FOREIGN KEY (`sub_categoryID`) REFERENCES `sub_category` (`sub_categoryID`),
  CONSTRAINT `fk_product_sub_sub_category` FOREIGN KEY (`sub_sub_categoryID`) REFERENCES `sub_sub_category` (`sub_sub_categoryID`)
) ENGINE=InnoDB AUTO_INCREMENT=4003 DEFAULT CHARSET=utf8mb3;
/*!40101 SET character_set_client = @saved_cs_client */;

--
-- Dumping data for table `product`
--

LOCK TABLES `product` WRITE;
/*!40000 ALTER TABLE `product` DISABLE KEYS */;
INSERT INTO `product` VALUES (13,10,9,4,'Rustic Cotton Keyboard',2314,648.55,687,12,'K4qrKIAHQF','2024-08-29 07:08:13','2025-04-18 16:52:13',NULL,'Introducing the Kazakhstan-inspired Computer, blending shocked style with local craftsmanship'),(17,3,7,5,'Small Rubber Keyboard',3244,620.15,407,100,'5FphVLKoDt','2024-12-21 07:27:37','2025-04-19 02:34:21',NULL,'Stylish Shoes designed to make you stand out with some looks'),(24,6,9,9,'Handcrafted Marble Shirt',1812,414.69,16,37,'qccFfN3GDC','2025-04-17 22:47:05','2025-04-19 02:23:37',NULL,'Innovative Towels featuring teeming technology and Steel construction'),(65,6,9,5,'Intelligent Plastic Car',1214,292.4,169,86,'bsjPxpI0Mz','2024-10-25 01:13:46','2025-04-19 05:42:33',NULL,'Discover the polar bear-like agility of our Table, perfect for straight users'),(82,2,2,3,'Unbranded Marble Chicken',4321,314.19,681,46,'TgQ3SoIFXJ','2024-05-04 05:27:14','2025-04-19 10:31:17',NULL,'Featuring Copper-enhanced technology, our Mouse offers unparalleled upright performance'),(85,5,9,10,'Handmade Steel Bike',4597,15.95,584,7,'C6efINKRpg','2024-11-04 22:01:01','2025-04-19 05:16:36',NULL,'Introducing the Croatia-inspired Towels, blending key style with local craftsmanship'),(96,15,4,3,'Bespoke Metal Cheese',4721,567.65,569,50,'w60vcSx3bg','2024-05-17 11:43:24','2025-04-19 04:12:36',NULL,'The sleek and fat Chicken comes with red LED lighting for smart functionality'),(125,15,2,2,'Intelligent Wooden Shoes',3989,839.09,551,52,'NmsFzW9gME','2024-07-31 03:07:15','2025-04-19 03:33:44',NULL,'Electronic Soap designed with Cotton for ornate performance'),(201,6,4,7,'Small Bronze Salad',4391,295.29,137,63,'evUR54ce1l','2024-09-07 00:05:38','2025-04-18 20:40:12',NULL,'Innovative Salad featuring reasonable technology and Rubber construction'),(299,5,2,2,'Gorgeous Marble Mouse',3932,772.05,745,75,'15fBwKnm1S','2025-03-12 02:59:06','2025-04-19 06:45:41',NULL,'Ergonomic Soap made with Marble for all-day rubbery support'),(307,3,9,10,'Handcrafted Ceramic Hat',3761,187.46,201,43,'4r8OVzAucr','2025-03-28 11:18:07','2025-04-19 07:48:30',NULL,'Stylish Towels designed to make you stand out with frozen looks'),(314,5,2,1,'Generic Ceramic Ball',1636,275.25,163,7,'KwUTTMNaoi','2025-02-23 02:06:51','2025-04-19 04:05:44',NULL,'Experience the orange brilliance of our Chips, perfect for wilted environments'),(333,5,4,7,'Unbranded Plastic Table',2278,248.74,451,35,'gTv5FrC3g9','2024-11-27 09:38:36','2025-04-19 02:40:48',NULL,'Savor the delicious essence in our Gloves, designed for brave culinary adventures'),(362,2,2,6,'Gorgeous Aluminum Hat',597,575.95,238,97,'K0hc0zFQHm','2025-02-24 20:29:48','2025-04-19 04:03:35',NULL,'Our rich-inspired Pizza brings a taste of luxury to your jealous lifestyle'),(394,15,4,4,'Practical Gold Computer',3883,401.84,844,37,'0Fe1sHWQNR','2024-06-17 12:43:07','2025-04-19 14:17:29',NULL,'The Erich Mouse is the latest in a series of austere products from Morissette, Stiedemann and Waelchi'),(463,3,7,10,'Unbranded Wooden Soap',3507,51.57,935,97,'h9R6ryavT1','2024-11-18 22:16:32','2025-04-19 02:27:39',NULL,'Stylish Towels designed to make you stand out with subdued looks'),(510,15,4,2,'Licensed Bronze Shirt',3172,268.69,933,41,'pCXMZto25e','2024-08-11 10:06:33','2025-04-19 14:47:45',NULL,'Professional-grade Ball perfect for silent training and recreational use'),(562,2,7,10,'Handmade Plastic Pizza',2647,618.99,363,53,'mykmzjzMAh','2024-08-28 21:15:25','2025-04-19 06:08:36',NULL,'New Shirt model with 27 GB RAM, 485 GB storage, and clear-cut features'),(580,6,2,3,'Refined Steel Chair',1089,355.65,666,26,'EHsSvRA0Zg','2024-07-16 12:35:16','2025-04-19 03:43:23',NULL,'The gold Towels combines Latvia aesthetics with Lanthanum-based durability'),(591,3,7,3,'Recycled Granite Car',3618,372.5,790,55,'fkacXXRI4P','2024-09-27 11:58:07','2025-04-18 20:54:30',NULL,'Featuring Tungsten-enhanced technology, our Computer offers unparalleled heavenly performance'),(633,15,4,1,'Intelligent Granite Soap',2492,7.49,758,28,'s2ht0RKwNj','2024-07-26 10:41:47','2025-04-18 16:45:27',NULL,'The plum Ball combines Eswatini aesthetics with Lead-based durability'),(690,5,7,10,'Ergonomic Steel Keyboard',1826,505.09,413,36,'RyDNT89rX9','2025-04-18 17:49:00','2025-04-19 15:41:25',NULL,'Our rhinoceros-friendly Pants ensures considerate comfort for your pets'),(765,5,7,1,'Handmade Silk Bike',3936,996.68,970,9,'jxNEjMICBA','2025-01-19 13:30:53','2025-04-19 12:04:09',NULL,'New Cheese model with 76 GB RAM, 911 GB storage, and uneven features'),(877,2,4,8,'Licensed Marble Shoes',3135,135.99,136,42,'XB06V74ywj','2024-12-06 11:16:06','2025-04-19 15:24:56',NULL,'Discover the bear-like agility of our Table, perfect for well-worn users'),(892,6,7,8,'Tasty Bronze Car',2401,70.85,426,89,'P1o94DZY5N','2024-04-25 23:45:39','2025-04-19 07:51:26',NULL,'New Sausages model with 41 GB RAM, 783 GB storage, and curly features'),(893,2,7,1,'Awesome Steel Mouse',4876,244.79,214,52,'pdfbU1xkds','2025-04-15 04:53:54','2025-04-18 20:44:02',NULL,'Experience the purple brilliance of our Salad, perfect for enchanted environments'),(901,2,4,6,'Licensed Granite Shirt',3584,269.03,244,70,'zDvyHqjgTT','2024-09-22 01:26:27','2025-04-18 19:41:01',NULL,'The Extended impactful model Shirt offers reliable performance and prudent design'),(982,15,7,6,'Recycled Ceramic Chicken',3979,27.65,411,78,'J1hI8crnc7','2024-05-09 13:49:38','2025-04-18 16:22:14',NULL,'Bins - Murphy\'s most advanced Table technology increases rusty capabilities'),(985,2,2,9,'Elegant Plastic Ball',2188,912.2,143,14,'2kn2K9MjcG','2025-01-05 13:35:40','2025-04-19 15:51:52',NULL,'New Shirt model with 34 GB RAM, 128 GB storage, and soupy features'),(1055,2,2,6,'Fresh Plastic Fish',4453,825.8,363,57,'9rzcte3dGU','2024-08-06 08:03:28','2025-04-19 10:59:34',NULL,'The sleek and only Ball comes with violet LED lighting for smart functionality'),(1087,15,2,8,'Electronic Marble Shirt',526,65.29,984,6,'XjtVpkwZBu','2024-12-10 15:30:50','2025-04-19 06:45:54',NULL,'New Sausages model with 47 GB RAM, 106 GB storage, and handy features'),(1109,10,4,7,'Fresh Silk Gloves',4818,432.89,516,88,'wh5oKcF0b7','2025-02-10 14:38:47','2025-04-18 20:29:28',NULL,'Stylish Sausages designed to make you stand out with wide-eyed looks'),(1174,5,2,4,'Gorgeous Ceramic Chair',1472,252.09,261,91,'kMI01bWWmW','2024-07-16 00:26:27','2025-04-18 20:40:11',NULL,'New Bike model with 44 GB RAM, 671 GB storage, and mammoth features'),(1207,10,2,10,'Recycled Ceramic Gloves',4107,366.79,481,7,'fe0C2TioRC','2024-05-18 14:38:29','2025-04-19 15:35:55',NULL,'Gorgeous Shoes designed with Bamboo for measly performance'),(1249,2,9,5,'Handmade Aluminum Bike',1642,402.89,1,72,'uLfS8Vficx','2024-10-10 12:57:40','2025-04-19 00:04:13',NULL,'Rosenbaum, Bergnaum and Wintheiser\'s most advanced Bike technology increases fortunate capabilities'),(1256,6,4,8,'Modern Silk Shoes',4776,300.49,837,1,'RiPhzgYttM','2024-11-28 16:22:20','2025-04-18 23:08:39',NULL,'Small Hat designed with Gold for roasted performance'),(1337,15,4,1,'Fresh Bamboo Tuna',1995,972.07,798,87,'XrIffGtqxY','2025-03-13 17:28:34','2025-04-19 15:19:11',NULL,'New Mouse model with 48 GB RAM, 239 GB storage, and dependent features'),(1373,10,2,8,'Refined Ceramic Towels',3935,552.25,684,4,'Q8pRsQoiFh','2024-08-12 11:07:15','2025-04-18 16:59:21',NULL,'Featuring Rhenium-enhanced technology, our Table offers unparalleled worse performance'),(1395,5,4,7,'Recycled Steel Chair',1386,154.79,454,65,'ITXXs3mDZv','2024-06-28 10:14:02','2025-04-19 15:52:25',NULL,'Innovative Keyboard featuring negative technology and Concrete construction'),(1442,3,4,9,'Gorgeous Granite Mouse',1924,394.75,914,29,'Zt1VbS4Ll2','2024-04-21 08:23:11','2025-04-18 21:42:26',NULL,'Discover the monkey-like agility of our Bike, perfect for vast users'),(1444,10,2,4,'Ergonomic Steel Computer',1206,503.09,322,86,'MdgEyjrYln','2025-02-28 13:24:53','2025-04-19 06:18:14',NULL,'New salmon Ball with ergonomic design for nervous comfort'),(1570,3,2,2,'Handmade Ceramic Mouse',3215,820.5,100,22,'qFe5l03Adr','2024-10-23 07:39:45','2025-04-19 02:48:02',NULL,'Stylish Mouse designed to make you stand out with victorious looks'),(1601,6,2,8,'Unbranded Wooden Pants',2371,120.55,968,72,'lfaOsWEgaQ','2025-02-08 02:01:57','2025-04-18 22:16:06',NULL,'The Grass-roots high-level synergy Salad offers reliable performance and alienated design'),(1679,3,7,10,'Elegant Marble Hat',4781,745.79,587,12,'qcKDsvLQUt','2025-01-16 04:41:46','2025-04-19 15:19:25',NULL,'Discover the gorilla-like agility of our Chair, perfect for elderly users'),(1721,3,4,1,'Handcrafted Bamboo Chicken',4192,155.13,477,84,'mdZJxeOi3K','2024-10-16 16:31:46','2025-04-18 21:17:18',NULL,'Stylish Chair designed to make you stand out with weighty looks'),(1724,2,2,9,'Rustic Concrete Keyboard',1231,910.99,998,30,'t6hPLB9j4w','2024-08-07 11:16:32','2025-04-19 12:08:28',NULL,'Featuring Iron-enhanced technology, our Tuna offers unparalleled long-term performance'),(1745,3,4,2,'Incredible Granite Mouse',318,485.05,743,35,'TJMs38BD5u','2025-02-24 03:40:41','2025-04-19 05:24:43',NULL,'Ergonomic Soap made with Concrete for all-day unhappy support'),(1770,15,2,9,'Frozen Ceramic Salad',4258,391.59,618,43,'QUongTlucz','2024-09-20 19:25:12','2025-04-19 15:48:33',NULL,'New Chips model with 62 GB RAM, 983 GB storage, and guilty features'),(1810,3,9,5,'Electronic Cotton Bacon',3908,341.75,357,71,'gpbRcey09d','2024-11-07 01:15:26','2025-04-19 09:14:24',NULL,'Our crunchy-inspired Towels brings a taste of luxury to your grubby lifestyle'),(1853,10,2,1,'Rustic Gold Bike',2892,254.85,22,82,'SYusLAW8Om','2025-04-07 04:59:21','2025-04-19 14:23:26',NULL,'Introducing the Democratic Republic of the Congo-inspired Pants, blending international style with local craftsmanship'),(1888,15,9,7,'Sleek Concrete Soap',3689,912.39,979,100,'IfZxIsTzM0','2025-01-08 05:06:03','2025-04-19 07:03:10',NULL,'The Okey Pizza is the latest in a series of unused products from Wyman - Okuneva'),(1914,5,4,3,'Bespoke Concrete Soap',2390,274.85,429,82,'ktuHVzuVpm','2025-04-13 17:32:57','2025-04-18 22:01:00',NULL,'The mint green Salad combines Madagascar aesthetics with Terbium-based durability'),(1941,2,2,4,'Recycled Plastic Soap',3435,817.31,10,12,'KUvtTRYF5g','2024-11-25 19:28:34','2025-04-19 14:11:18',NULL,'The sleek and partial Shirt comes with violet LED lighting for smart functionality'),(1943,5,2,8,'Modern Cotton Shirt',1799,545.09,50,63,'96Yt7Y0n79','2025-02-08 14:31:18','2025-04-18 16:46:09',NULL,'Discover the butterfly-like agility of our Pants, perfect for upbeat users'),(1948,6,4,6,'Electronic Granite Salad',2585,997.79,794,67,'QAQNDkGICv','2025-02-23 13:47:41','2025-04-18 21:50:31',NULL,'Innovative Chicken featuring apt technology and Rubber construction'),(2003,6,21,13,'Gorgeous Silk Tuna',4432,930.69,723,29,'mhJi5DMgpz','2024-06-01 06:48:08','2025-04-21 13:59:51',NULL,'Innovative Computer featuring prickly technology and Aluminum construction'),(2004,3,18,13,'Generic Rubber Computer',3750,272.09,542,30,'f7ZTFBPumT','2024-06-16 10:46:52','2025-04-21 13:10:37',NULL,'Experience the yellow brilliance of our Soap, perfect for french environments'),(2007,6,9,11,'Gorgeous Wooden Ball',2220,924.35,416,91,'TnhcmWKamz','2025-02-06 23:21:02','2025-04-21 22:42:18',NULL,'The Earline Computer is the latest in a series of comfortable products from Schoen - Hahn'),(2014,15,9,2,'Gorgeous Granite Chicken',1699,923.49,438,95,'cBNpJjLTxQ','2024-10-08 05:32:57','2025-04-21 11:51:41',NULL,'The sleek and international Cheese comes with purple LED lighting for smart functionality'),(2019,5,7,1,'Bespoke Steel Tuna',4511,295.85,795,82,'8n1JZEUo6d','2024-12-30 09:57:28','2025-04-21 08:24:35',NULL,'Our butterfly-friendly Chips ensures natural comfort for your pets'),(2024,5,17,1,'Frozen Bronze Cheese',4139,293.85,402,70,'eh3WWWINaY','2024-08-01 01:20:55','2025-04-21 14:22:20',NULL,'Boyer Group\'s most advanced Tuna technology increases polished capabilities'),(2026,15,2,7,'Generic Bronze Mouse',2487,695.7,493,6,'oQ0J57j2ss','2024-11-25 09:18:45','2025-04-21 08:26:07',NULL,'The Rhett Computer is the latest in a series of funny products from Wiegand - Pollich'),(2029,5,21,16,'Ergonomic Gold Cheese',3941,968.09,43,94,'TZ8dRgGkGF','2024-06-30 08:34:33','2025-04-21 06:49:02',NULL,'Our penguin-friendly Towels ensures gentle comfort for your pets'),(2042,15,20,7,'Bespoke Granite Pizza',3983,687.05,845,70,'aOfzhgGP0I','2024-11-24 19:21:01','2025-04-21 11:58:48',NULL,'Innovative Car featuring aggressive technology and Bamboo construction'),(2050,6,21,12,'Elegant Ceramic Salad',1860,774.49,847,84,'yQU51BOCFP','2024-10-09 00:24:50','2025-04-21 11:14:38',NULL,'Our savory-inspired Bike brings a taste of luxury to your superior lifestyle'),(2054,15,4,8,'Intelligent Rubber Sausages',3554,94.85,905,23,'nKwEJqS4Z5','2024-08-03 19:57:59','2025-04-21 07:33:01',NULL,'Discover the snake-like agility of our Soap, perfect for fluffy users'),(2056,3,7,12,'Awesome Cotton Bacon',4570,52.29,274,58,'m9qpCO3sBb','2024-08-11 16:53:20','2025-04-21 03:50:48',NULL,'Rustic Keyboard designed with Cotton for dapper performance'),(2057,3,7,11,'Bespoke Bamboo Salad',2174,944.39,356,64,'MbQQHmuap8','2025-01-10 17:16:29','2025-04-21 03:37:31',NULL,'Innovative Bike featuring low technology and Aluminum construction'),(2088,15,21,13,'Awesome Concrete Chips',3174,977.99,414,90,'qLalITKBXK','2025-03-02 13:35:10','2025-04-21 10:16:02',NULL,'New Keyboard model with 56 GB RAM, 799 GB storage, and sociable features'),(2089,3,18,20,'Modern Granite Bike',3773,310.35,67,15,'PkzdhHaTiB','2025-03-23 03:02:27','2025-04-21 15:32:22',NULL,'New Chair model with 4 GB RAM, 237 GB storage, and frail features'),(2094,2,4,2,'Gorgeous Ceramic Hat',1458,994.09,204,84,'vLX5B0vv59','2024-06-28 05:51:53','2025-04-21 12:18:37',NULL,'Discover the key new Pizza with an exciting mix of Steel ingredients'),(2098,5,7,12,'Intelligent Gold Sausages',3305,687.55,682,6,'88BPrvX2Xa','2024-11-19 03:11:30','2025-04-21 07:17:07',NULL,'Innovative Fish featuring quiet technology and Bamboo construction'),(2104,15,16,13,'Soft Silk Fish',2920,908.89,883,41,'ZUORGINnda','2024-11-25 17:16:44','2025-04-21 00:16:42',NULL,'Discover the impolite new Shoes with an exciting mix of Silk ingredients'),(2114,10,18,3,'Electronic Concrete Cheese',3525,740.79,996,11,'eZs0qmmB1V','2024-12-26 16:37:35','2025-04-21 15:51:39',NULL,'The Proactive incremental structure Chips offers reliable performance and tattered design'),(2115,3,21,2,'Luxurious Rubber Towels',780,599.09,405,11,'kYkzkqDpvH','2024-06-13 21:31:24','2025-04-21 03:16:26',NULL,'Fadel, Schroeder and Fadel\'s most advanced Bacon technology increases repentant capabilities'),(2121,6,19,17,'Ergonomic Aluminum Pants',2030,455.65,682,81,'xnVqcYIZmc','2024-10-29 14:54:27','2025-04-21 18:42:51',NULL,'Stylish Pants designed to make you stand out with mysterious looks'),(2125,2,4,20,'Recycled Wooden Pants',4584,28.49,547,11,'VkraydRak3','2025-03-14 17:07:43','2025-04-21 10:20:43',NULL,'New Chicken model with 14 GB RAM, 291 GB storage, and unknown features'),(2128,5,2,1,'Elegant Gold Bacon',3574,908.49,83,54,'AqDKNpvqPr','2025-04-10 21:52:36','2025-04-21 12:11:08',NULL,'Introducing the Timor-Leste-inspired Towels, blending unconscious style with local craftsmanship'),(2133,10,18,14,'Modern Wooden Ball',1854,461.69,325,37,'XD5UMsJY3x','2025-02-23 14:16:28','2025-04-21 05:51:43',NULL,'Experience the white brilliance of our Tuna, perfect for vain environments'),(2134,2,19,2,'Frozen Aluminum Cheese',738,159.45,517,76,'xpWYxxccaZ','2025-04-15 19:04:06','2025-04-21 22:12:30',NULL,'The Future-proofed interactive algorithm Pizza offers reliable performance and willing design'),(2135,2,2,9,'Luxurious Bronze Salad',4579,543.15,92,67,'6SZhpbBq5E','2024-05-20 19:46:28','2025-04-21 20:46:10',NULL,'Introducing the Tanzania-inspired Shirt, blending monstrous style with local craftsmanship'),(2140,15,18,1,'Electronic Steel Bike',795,828.29,571,38,'ivtL823Ih0','2024-04-29 01:40:57','2025-04-21 13:49:40',NULL,'New Table model with 77 GB RAM, 349 GB storage, and tense features'),(2144,10,17,16,'Elegant Plastic Cheese',880,52.4,746,81,'4ZolsT7Rmh','2024-11-18 20:34:08','2025-04-21 10:02:56',NULL,'The gold Hat combines Virgin Islands, British aesthetics with Iron-based durability'),(2149,6,4,6,'Intelligent Plastic Chair',3320,152.6,172,63,'oflhIWa2CQ','2024-07-15 17:50:51','2025-04-21 11:50:00',NULL,'The Virtual sustainable toolset Bacon offers reliable performance and beneficial design'),(2150,10,21,3,'Elegant Ceramic Salad',270,110.95,935,47,'TgZilqBcqn','2025-01-22 08:20:22','2025-04-21 11:51:38',NULL,'Our cat-friendly Soap ensures serpentine comfort for your pets'),(2159,10,17,20,'Tasty Bronze Hat',2686,400.14,434,84,'Gm7UpnMBaO','2024-05-05 18:08:19','2025-04-21 09:21:26',NULL,'The plum Hat combines Cameroon aesthetics with Californium-based durability'),(2169,15,20,8,'Elegant Ceramic Computer',1731,164.15,607,91,'Y6hnJMBhOZ','2024-12-12 17:57:18','2025-04-21 05:00:26',NULL,'Our juicy-inspired Keyboard brings a taste of luxury to your likable lifestyle'),(2171,6,9,20,'Intelligent Steel Shirt',499,899.19,683,34,'VF5GTC43FP','2024-06-27 10:13:29','2025-04-21 19:14:30',NULL,'Innovative Table featuring feline technology and Steel construction'),(2179,2,18,13,'Practical Silk Computer',3041,73.75,999,80,'xW8hCu5QUe','2024-12-11 04:56:36','2025-04-20 23:17:57',NULL,'The violet Cheese combines Democratic People\'s Republic of Korea aesthetics with Bismuth-based durability'),(2183,10,21,3,'Unbranded Bronze Fish',3049,926.79,857,35,'8IYzov0dCM','2024-11-13 05:36:09','2025-04-21 12:06:09',NULL,'Discover the hot new Car with an exciting mix of Metal ingredients'),(2189,3,9,8,'Sleek Bamboo Gloves',4408,558.89,367,9,'CuEu7eEHaY','2024-08-26 04:05:11','2025-04-21 06:47:18',NULL,'The Elsa Shirt is the latest in a series of doting products from Rutherford - Renner'),(2192,10,2,14,'Electronic Plastic Sausages',767,849.65,106,6,'KLjrhRAsjG','2024-08-10 05:55:01','2025-04-21 19:40:22',NULL,'Rustic Hat designed with Metal for magnificent performance'),(2194,2,18,8,'Awesome Bamboo Bacon',4874,124.29,218,67,'p1TUCqbd47','2024-09-17 19:36:05','2025-04-21 16:01:13',NULL,'The Antonetta Chair is the latest in a series of ideal products from Jast, Krajcik and Gottlieb'),(2209,6,4,18,'Handcrafted Rubber Tuna',982,951.25,689,46,'xeA90xXKBy','2025-02-05 12:09:25','2025-04-21 03:57:20',NULL,'Introducing the Holy See (Vatican City State)-inspired Hat, blending mammoth style with local craftsmanship'),(2222,3,20,8,'Small Concrete Pizza',2324,948.09,829,11,'ofPGYhqihD','2025-04-19 02:53:14','2025-04-21 12:59:11',NULL,'New teal Pants with ergonomic design for good-natured comfort'),(2224,10,20,5,'Handmade Plastic Tuna',4805,933.85,909,100,'8Inwkb2MMO','2024-11-02 22:14:40','2025-04-21 20:46:48',NULL,'Featuring Meitnerium-enhanced technology, our Shoes offers unparalleled straight performance'),(2232,15,4,10,'Handmade Concrete Bike',4381,85.6,847,48,'ci9qhje9RY','2025-02-10 19:16:59','2025-04-21 04:33:37',NULL,'Discover the tragic new Pizza with an exciting mix of Bamboo ingredients'),(2237,5,21,15,'Oriental Silk Fish',2775,607.55,710,1,'d154qqNQZT','2025-01-09 20:00:45','2025-04-21 17:39:08',NULL,'Professional-grade Cheese perfect for raw training and recreational use'),(2242,3,17,1,'Elegant Rubber Shoes',2931,74.4,338,32,'v8TR7JFOKF','2024-09-06 13:41:11','2025-04-21 00:27:32',NULL,'Our flamingo-friendly Hat ensures colossal comfort for your pets'),(2247,2,17,19,'Elegant Granite Sausages',3212,249.55,801,97,'RCDOHyghjC','2024-08-17 08:23:14','2025-04-21 12:38:10',NULL,'The Devolved encompassing process improvement Chicken offers reliable performance and young design'),(2250,10,9,8,'Handcrafted Plastic Towels',1625,518.25,372,59,'JzJeOFrE6T','2024-09-23 21:11:31','2025-04-21 16:09:23',NULL,'The Lowell Bike is the latest in a series of mean products from Rolfson and Sons'),(2252,15,16,4,'Fantastic Gold Sausages',2913,578.45,29,40,'bgTq53kHuE','2025-04-05 06:44:34','2025-04-21 05:44:06',NULL,'Innovative Car featuring grounded technology and Wooden construction'),(2255,2,17,19,'Recycled Silk Hat',4969,61.49,352,7,'mvMJ2hT6li','2025-03-07 15:03:27','2025-04-21 00:49:57',NULL,'Innovative Hat featuring trim technology and Rubber construction'),(2259,6,20,6,'Unbranded Concrete Soap',1137,644.1,398,77,'9pIkaml1Mo','2025-04-03 19:41:41','2025-04-21 18:02:14',NULL,'The magenta Fish combines Grenada aesthetics with Carbon-based durability'),(2265,2,4,6,'Awesome Silk Mouse',2571,498,988,21,'zrylHK0RgT','2024-07-28 22:50:37','2025-04-21 03:26:35',NULL,'The Face to face fault-tolerant matrices Salad offers reliable performance and somber design'),(2268,6,20,18,'Bespoke Aluminum Bike',270,377.95,691,1,'iqSaLLy1Zd','2025-03-04 14:44:32','2025-04-21 21:17:24',NULL,'The Julian Chicken is the latest in a series of shy products from O\'Conner LLC'),(2278,15,21,15,'Practical Silk Pizza',1002,619.9,157,37,'b1ZGGU4rUb','2024-05-27 02:55:25','2025-04-21 05:10:18',NULL,'Our fresh-inspired Bike brings a taste of luxury to your elegant lifestyle'),(2279,2,19,12,'Luxurious Granite Bike',2310,763.8,715,27,'j93ZuPoGC8','2025-03-28 13:01:22','2025-04-21 16:46:31',NULL,'Our bitter-inspired Fish brings a taste of luxury to your blond lifestyle'),(2294,10,19,6,'Tasty Concrete Car',2250,546.03,494,16,'u0ZR24vo1E','2025-03-19 22:47:32','2025-04-21 15:30:46',NULL,'Experience the lime brilliance of our Chips, perfect for likable environments'),(2308,5,2,17,'Practical Marble Soap',3535,933.2,79,44,'9LeyGpYJYt','2025-02-09 04:40:42','2025-04-21 19:15:37',NULL,'Jones, Prohaska and Paucek\'s most advanced Shoes technology increases obvious capabilities'),(2317,15,7,10,'Awesome Silk Gloves',3464,759.4,929,53,'pJ5pntBcr1','2024-08-13 05:55:11','2025-04-21 15:19:00',NULL,'Discover the indelible new Cheese with an exciting mix of Aluminum ingredients'),(2321,5,21,10,'Soft Steel Pants',2770,704.69,855,60,'zI0lrmDGkv','2024-06-07 18:17:55','2025-04-21 13:38:01',NULL,'Huels - Boehm\'s most advanced Chicken technology increases slow capabilities'),(2325,6,18,2,'Gorgeous Wooden Chips',4684,37.99,181,86,'5mTYuW7TmP','2024-07-30 23:50:29','2025-04-21 07:25:54',NULL,'Discover the shadowy new Tuna with an exciting mix of Bamboo ingredients'),(2334,2,7,18,'Ergonomic Metal Ball',1226,119.05,167,38,'uTLJu4CblB','2024-05-31 19:08:05','2025-04-21 18:54:07',NULL,'Willms, Bosco and Williamson\'s most advanced Pizza technology increases royal capabilities'),(2335,5,20,18,'Elegant Wooden Sausages',562,943.93,616,85,'YM8G4BqBlr','2024-10-17 19:13:06','2025-04-21 10:44:18',NULL,'Stylish Shirt designed to make you stand out with caring looks'),(2362,3,16,12,'Tasty Ceramic Shoes',4523,295.19,461,11,'1W2ERsAip7','2025-01-13 03:02:19','2025-04-21 13:26:08',NULL,'The azure Chips combines Kyrgyz Republic aesthetics with Samarium-based durability'),(2366,2,19,5,'Tasty Granite Computer',1160,306.39,473,47,'TQjP0kPhuk','2024-04-22 22:00:01','2025-04-21 14:59:54',NULL,'Introducing the Bouvet Island-inspired Shirt, blending lazy style with local craftsmanship'),(2368,6,16,5,'Oriental Cotton Chips',3924,332.97,943,87,'Xf6M9rsI4E','2025-04-16 13:20:11','2025-04-21 11:49:26',NULL,'Kassulke - Hegmann\'s most advanced Sausages technology increases wrathful capabilities'),(2378,5,17,11,'Awesome Plastic Soap',2498,657,432,63,'vVpz9uIUaI','2025-02-27 21:23:17','2025-04-21 03:21:28',NULL,'Innovative Tuna featuring incomparable technology and Concrete construction'),(2380,6,4,14,'Awesome Bamboo Car',1129,864.3,92,22,'8ZG7AcYUcK','2025-04-15 23:04:03','2025-04-21 14:42:32',NULL,'Introducing the Colombia-inspired Keyboard, blending weekly style with local craftsmanship'),(2381,3,19,15,'Soft Wooden Pants',752,208.39,576,66,'JaSv9GWzgH','2024-06-06 02:14:57','2025-04-21 00:51:34',NULL,'The salmon Soap combines Bonaire, Sint Eustatius and Saba aesthetics with Neodymium-based durability'),(2382,15,7,3,'Incredible Rubber Keyboard',478,40.49,186,70,'B93HY2Gnjf','2025-03-07 03:45:44','2025-04-21 11:26:57',NULL,'Ergonomic Cheese made with Ceramic for all-day only support'),(2386,5,4,17,'Soft Metal Chair',3513,487.19,77,59,'OcpugJB1oQ','2024-10-12 09:24:37','2025-04-21 13:03:28',NULL,'Discover the junior new Computer with an exciting mix of Marble ingredients'),(2395,6,4,12,'Gorgeous Aluminum Salad',1776,206.59,99,2,'7ljoDCXvWK','2024-09-12 09:23:35','2025-04-21 07:34:11',NULL,'Discover the sea lion-like agility of our Shoes, perfect for pink users'),(2405,6,4,16,'Intelligent Wooden Hat',3668,364.59,111,41,'bls5JcgQ5f','2025-01-27 14:10:55','2025-04-21 17:45:28',NULL,'Little, Buckridge and Franecki\'s most advanced Mouse technology increases knowledgeable capabilities'),(2412,15,16,13,'Incredible Steel Cheese',2381,1.49,984,62,'QTyN2udKjz','2024-08-30 10:14:46','2025-04-21 15:37:16',NULL,'Discover the turtle-like agility of our Pizza, perfect for questionable users'),(2421,2,16,19,'Unbranded Ceramic Fish',1282,774.2,446,26,'9Ko5zaWqaR','2024-07-15 10:31:09','2025-04-21 12:39:33',NULL,'Our tender-inspired Gloves brings a taste of luxury to your tidy lifestyle'),(2426,2,20,4,'Intelligent Concrete Bacon',4431,11.75,684,37,'gUwcQSOnDA','2025-04-04 02:24:44','2025-04-21 05:56:31',NULL,'Discover the junior new Hat with an exciting mix of Plastic ingredients'),(2428,15,16,11,'Elegant Plastic Pants',104,329.45,267,6,'qPVajbyN0B','2024-07-12 09:02:45','2025-04-21 02:48:57',NULL,'Discover the unkempt new Gloves with an exciting mix of Cotton ingredients'),(2434,6,9,19,'Electronic Metal Mouse',1172,178.19,580,33,'NziZfjE1Rr','2024-05-02 22:05:47','2025-04-21 13:05:26',NULL,'Introducing the Mongolia-inspired Shoes, blending optimal style with local craftsmanship'),(2439,10,16,3,'Oriental Bamboo Gloves',2133,141.38,465,26,'oN9wH9zG1b','2024-08-01 17:42:32','2025-04-21 17:56:12',NULL,'Featuring Platinum-enhanced technology, our Car offers unparalleled unripe performance'),(2442,5,16,3,'Licensed Wooden Computer',2932,526.45,634,16,'VFnyOxuGau','2024-12-08 07:58:38','2025-04-21 01:02:45',NULL,'Generic Hat designed with Ceramic for clean performance'),(2455,3,16,14,'Refined Cotton Fish',3202,851.99,441,49,'9JyU1yUhUG','2025-01-23 15:33:42','2025-04-21 12:20:31',NULL,'Discover the parrot-like agility of our Gloves, perfect for wrathful users'),(2461,6,19,18,'Unbranded Metal Shoes',2102,935.49,876,30,'6Hks00i1Ph','2025-02-27 04:53:50','2025-04-21 19:58:20',NULL,'Innovative Car featuring late technology and Rubber construction'),(2474,6,16,3,'Handmade Bronze Bike',3101,220.89,152,70,'GvetNWR8fY','2025-03-14 13:02:27','2025-04-21 16:31:32',NULL,'Discover the crocodile-like agility of our Chair, perfect for amazing users'),(2478,3,7,3,'Awesome Aluminum Keyboard',575,717.45,873,48,'vPb6PsEobf','2024-11-19 06:32:50','2025-04-21 10:43:23',NULL,'The Implemented zero trust methodology Computer offers reliable performance and dirty design'),(2479,15,7,17,'Licensed Gold Tuna',1004,368.8,841,93,'1HGNBrdmkf','2025-03-11 14:05:45','2025-04-21 04:23:54',NULL,'New Car model with 47 GB RAM, 452 GB storage, and assured features'),(2480,3,20,9,'Handcrafted Ceramic Ball',3419,517.68,214,35,'LS22H8Mhvu','2024-05-03 06:50:38','2025-04-21 20:14:45',NULL,'Featuring Helium-enhanced technology, our Bike offers unparalleled fair performance'),(2483,2,4,1,'Unbranded Plastic Towels',4659,546.59,569,26,'UYjusmJW3v','2025-03-30 11:20:29','2025-04-21 21:35:12',NULL,'New indigo Bike with ergonomic design for understated comfort'),(2488,10,19,1,'Licensed Ceramic Keyboard',914,980.79,891,89,'J6jiPwfpgB','2024-04-25 04:44:23','2025-04-21 16:11:07',NULL,'The sleek and worst Computer comes with fuchsia LED lighting for smart functionality'),(2492,10,16,1,'Gorgeous Aluminum Fish',2813,740.45,173,50,'u53cnuLDFw','2024-05-28 00:08:22','2025-04-21 22:47:46',NULL,'New Soap model with 3 GB RAM, 59 GB storage, and inconsequential features'),(2494,2,17,19,'Unbranded Gold Shirt',1177,300.09,189,54,'iMFMuFNfzQ','2024-10-15 19:45:52','2025-04-21 12:47:27',NULL,'Stylish Tuna designed to make you stand out with bruised looks'),(2495,5,17,9,'Incredible Granite Car',899,101.15,24,94,'SwfH837NuO','2024-11-25 18:12:44','2025-04-21 10:19:46',NULL,'Our bitter-inspired Chair brings a taste of luxury to your willing lifestyle'),(2501,2,19,15,'Electronic Metal Pizza',4997,179.29,460,71,'BxoNaTDR7V','2025-03-06 10:26:22','2025-04-21 08:25:01',NULL,'Bayer LLC\'s most advanced Gloves technology increases gorgeous capabilities'),(2510,15,16,20,'Oriental Silk Keyboard',2836,648.89,891,86,'Od3cmmbn7w','2024-05-29 20:51:19','2025-04-21 04:22:15',NULL,'The Front-line national flexibility Salad offers reliable performance and immaculate design'),(2518,2,2,2,'Modern Silk Computer',4599,530.15,15,17,'DsOxVcbivN','2024-12-04 03:44:12','2025-04-21 14:39:01',NULL,'Our hamster-friendly Keyboard ensures twin comfort for your pets'),(2524,15,18,12,'Ergonomic Wooden Mouse',1466,929.69,216,98,'iSuf9IKDvG','2024-12-03 14:32:23','2025-04-21 04:34:58',NULL,'The yellow Hat combines Eswatini aesthetics with Bromine-based durability'),(2542,5,4,14,'Sleek Metal Pizza',3705,596.19,79,88,'KXj5rKEDdi','2025-02-09 16:19:54','2025-04-21 20:22:58',NULL,'The Ezra Shoes is the latest in a series of rough products from Windler, Waters and Schroeder'),(2552,6,4,6,'Elegant Steel Towels',1110,268.24,805,27,'iP0IbwJBgo','2025-02-28 02:04:44','2025-04-21 17:50:17',NULL,'Stylish Tuna designed to make you stand out with unfortunate looks'),(2569,3,19,12,'Soft Bamboo Bike',3395,8.99,417,30,'lmXszfR4qg','2024-05-22 04:19:12','2025-04-21 11:24:52',NULL,'Professional-grade Chair perfect for simplistic training and recreational use'),(2579,6,16,12,'Soft Marble Shoes',1472,265.26,805,95,'zblmMctD6N','2024-09-09 10:19:36','2025-04-21 21:17:43',NULL,'Stylish Hat designed to make you stand out with polite looks'),(2580,10,2,17,'Licensed Rubber Bike',254,635.89,102,27,'ZxJGKzdcrO','2024-12-15 18:44:16','2025-04-21 17:43:54',NULL,'Savor the fluffy essence in our Bike, designed for gleaming culinary adventures'),(2583,3,19,2,'Bespoke Granite Chips',3930,740.09,186,41,'vNHixceIWV','2024-10-17 07:07:16','2025-04-21 06:37:03',NULL,'The olive Mouse combines Sint Maarten aesthetics with Radon-based durability'),(2586,6,4,13,'Recycled Plastic Keyboard',657,580.66,985,41,'xapz26iW0N','2024-12-24 04:06:22','2025-04-21 14:34:00',NULL,'The Robust reciprocal system engine Salad offers reliable performance and informal design'),(2615,5,19,20,'Handmade Cotton Chips',3539,498.39,697,38,'bTUHyTLe7S','2024-04-26 02:39:23','2025-04-21 11:34:44',NULL,'Our wolf-friendly Towels ensures grouchy comfort for your pets'),(2623,5,7,3,'Luxurious Marble Pants',2443,182.15,945,24,'LdxsrV5npb','2024-12-16 21:47:29','2025-04-21 22:59:26',NULL,'Konopelski - Bartoletti\'s most advanced Sausages technology increases burdensome capabilities'),(2625,10,9,5,'Incredible Granite Shirt',2809,417.89,669,80,'PEjFm0rFyJ','2024-09-07 14:32:55','2025-04-21 16:20:41',NULL,'Discover the penguin-like agility of our Cheese, perfect for quarterly users'),(2645,15,7,14,'Elegant Marble Mouse',1419,314.19,587,81,'e1ppwkvpOq','2024-11-25 18:39:16','2025-04-21 03:12:17',NULL,'The sleek and negligible Hat comes with plum LED lighting for smart functionality'),(2655,6,18,14,'Unbranded Marble Keyboard',2096,734.89,179,98,'NCcDiGS9Ub','2024-04-26 18:53:09','2025-04-21 12:34:43',NULL,'Sanford - Bruen\'s most advanced Pizza technology increases nervous capabilities'),(2663,10,21,6,'Refined Rubber Fish',1011,589.95,450,39,'cFwdtrctFP','2024-05-07 23:00:19','2025-04-21 02:21:03',NULL,'Savor the bitter essence in our Hat, designed for foolhardy culinary adventures'),(2665,5,2,14,'Oriental Wooden Shoes',1198,743.5,85,45,'C8YjUAh4hj','2025-02-28 10:07:05','2025-04-20 23:15:37',NULL,'Experience the gold brilliance of our Mouse, perfect for long-term environments'),(2671,2,9,4,'Electronic Rubber Pants',1723,670.45,47,98,'MQIZyJj46b','2024-07-20 09:21:19','2025-04-21 17:44:57',NULL,'The sleek and lumpy Pants comes with indigo LED lighting for smart functionality'),(2674,6,18,6,'Generic Steel Towels',2387,146.69,735,78,'ujqUCR8uvR','2024-11-03 22:55:08','2025-04-21 10:01:17',NULL,'The sleek and accurate Chair comes with orchid LED lighting for smart functionality'),(2684,10,2,1,'Frozen Gold Fish',4118,946.24,923,95,'NTVDg7v29Q','2024-11-18 01:21:13','2025-04-21 13:04:58',NULL,'Our bear-friendly Cheese ensures well-documented comfort for your pets'),(2694,5,9,16,'Luxurious Wooden Pizza',2555,477.19,485,24,'XMELV5qF73','2024-06-01 07:14:20','2025-04-21 01:21:25',NULL,'Discover the fat new Chair with an exciting mix of Bronze ingredients'),(2703,6,18,3,'Rustic Steel Chicken',388,972.05,319,9,'Rd1hGA1c0u','2024-09-07 09:49:59','2025-04-21 05:27:12',NULL,'Professional-grade Soap perfect for pessimistic training and recreational use'),(2706,3,2,9,'Elegant Gold Mouse',428,93.99,21,9,'7nI0bwYy0L','2025-03-04 14:24:48','2025-04-21 04:24:40',NULL,'Featuring Europium-enhanced technology, our Bacon offers unparalleled far-off performance'),(2707,5,19,4,'Sleek Silk Computer',2413,389.55,682,8,'8RgXBBnx4y','2024-08-05 10:22:00','2025-04-21 18:29:40',NULL,'Savor the tender essence in our Shirt, designed for noteworthy culinary adventures'),(2717,2,20,10,'Bespoke Plastic Shirt',2583,175.65,163,54,'phCg6HkzC3','2024-05-06 04:07:02','2025-04-21 22:22:42',NULL,'Introducing the Central African Republic-inspired Sausages, blending private style with local craftsmanship'),(2721,3,20,8,'Refined Steel Hat',3498,817.49,661,20,'t3QWu3745r','2024-05-30 10:22:35','2025-04-21 15:04:54',NULL,'Discover the menacing new Hat with an exciting mix of Marble ingredients'),(2724,10,16,14,'Oriental Steel Bacon',1935,92.85,272,19,'K2JkzCROIw','2025-03-09 05:48:47','2025-04-21 08:23:29',NULL,'Introducing the Uzbekistan-inspired Mouse, blending dependent style with local craftsmanship'),(2730,15,19,8,'Sleek Gold Computer',1661,386.69,101,17,'H1WRetjVen','2024-09-25 04:02:36','2025-04-21 12:52:36',NULL,'Stylish Salad designed to make you stand out with probable looks'),(2732,5,9,2,'Gorgeous Bamboo Ball',1644,700,777,88,'pMbwjwntCz','2024-09-11 09:36:46','2025-04-21 20:47:10',NULL,'Stylish Chair designed to make you stand out with proud looks'),(2741,2,9,14,'Small Bronze Cheese',1300,104.74,107,46,'43qLYccCzU','2024-08-20 00:13:13','2025-04-21 19:51:56',NULL,'Discover the frivolous new Computer with an exciting mix of Bronze ingredients'),(2742,6,18,8,'Sleek Aluminum Mouse',1786,162.66,178,37,'CwwI8gi878','2024-11-25 00:19:52','2025-04-21 09:59:51',NULL,'Introducing the Niger-inspired Keyboard, blending simple style with local craftsmanship'),(2744,15,4,19,'Awesome Bamboo Ball',1438,771.89,495,8,'Pn6AVFtGBn','2024-07-03 06:51:57','2025-04-21 07:02:06',NULL,'Professional-grade Keyboard perfect for long training and recreational use'),(2746,15,21,20,'Refined Bamboo Cheese',1265,918.19,624,31,'cpGjdsnGGg','2025-03-12 20:12:21','2025-04-21 09:21:44',NULL,'Savor the spicy essence in our Soap, designed for quiet culinary adventures'),(2749,10,21,4,'Small Wooden Salad',4144,740.23,802,21,'Nfg419Pia1','2025-03-25 23:35:59','2025-04-21 06:29:37',NULL,'Featuring Tennessine-enhanced technology, our Chips offers unparalleled male performance'),(2753,15,7,12,'Licensed Steel Towels',2492,224.09,124,33,'qx8M2uhiOq','2024-06-19 18:46:59','2025-04-21 02:52:15',NULL,'The Assunta Cheese is the latest in a series of male products from Hermann, Wolff and Wunsch'),(2758,2,17,1,'Modern Marble Pants',2132,360.85,225,50,'vDyWA6OFIa','2025-03-19 00:21:33','2025-04-21 14:06:50',NULL,'Introducing the Gibraltar-inspired Pants, blending amazing style with local craftsmanship'),(2762,6,4,5,'Ergonomic Silk Mouse',540,35.27,637,44,'W1iRTUCAbm','2024-09-15 18:15:01','2025-04-21 19:54:01',NULL,'Savor the sweet essence in our Keyboard, designed for rubbery culinary adventures'),(2779,15,7,19,'Ergonomic Silk Towels',2022,883.09,946,33,'E3OrRtgUvi','2024-12-11 03:17:06','2025-04-21 21:50:08',NULL,'The sleek and perfumed Ball comes with fuchsia LED lighting for smart functionality'),(2781,15,20,16,'Awesome Gold Chicken',2684,407.95,420,15,'aqLNFoBTEO','2025-01-03 11:05:10','2025-04-21 04:23:49',NULL,'Featuring Chromium-enhanced technology, our Mouse offers unparalleled internal performance'),(2803,10,21,8,'Elegant Rubber Fish',360,379.59,491,69,'1rp1SLAMBs','2024-12-19 07:13:37','2025-04-21 13:04:35',NULL,'The sleek and foolhardy Cheese comes with magenta LED lighting for smart functionality'),(2809,6,17,15,'Bespoke Aluminum Shirt',2974,763.39,920,33,'52b4ymlLMD','2024-10-01 02:38:15','2025-04-21 18:03:22',NULL,'The mint green Mouse combines American Samoa aesthetics with Mercury-based durability'),(2820,15,21,7,'Refined Ceramic Towels',1026,648.1,131,86,'snNseXkrii','2024-05-14 02:34:43','2025-04-21 19:55:02',NULL,'Experience the maroon brilliance of our Fish, perfect for judicious environments'),(2821,5,16,9,'Oriental Marble Tuna',2122,736.09,322,51,'eJngQhA1Pr','2024-09-07 15:32:26','2025-04-21 03:15:36',NULL,'Savor the tangy essence in our Bacon, designed for pretty culinary adventures'),(2823,2,7,1,'Small Bamboo Gloves',4210,582.38,869,5,'bz5ocC9Amd','2024-04-22 23:22:23','2025-04-21 19:36:04',NULL,'Discover the frog-like agility of our Shirt, perfect for illustrious users'),(2828,15,2,15,'Rustic Ceramic Pants',4093,183.83,339,10,'DfqQkpYZx5','2024-12-13 12:15:13','2025-04-21 09:57:43',NULL,'The sleek and impure Shoes comes with turquoise LED lighting for smart functionality'),(2829,2,16,10,'Gorgeous Cotton Pizza',2567,157.19,531,41,'W6keXZO29l','2024-06-30 08:03:04','2025-04-21 18:16:53',NULL,'Experience the silver brilliance of our Pizza, perfect for reflecting environments'),(2832,10,9,15,'Oriental Concrete Cheese',1934,743.5,51,36,'gDvvNi8eGk','2025-04-20 09:21:15','2025-04-21 01:22:33',NULL,'The plum Towels combines Bahamas aesthetics with Nobelium-based durability'),(2836,5,2,3,'Sleek Wooden Towels',4887,181.69,850,84,'rx6HDsC4Ko','2025-04-03 18:15:53','2025-04-21 11:11:59',NULL,'Incredible Chicken designed with Steel for primary performance'),(2837,5,18,2,'Electronic Steel Ball',948,797.49,503,12,'C8O1Bnmx6k','2024-12-27 06:23:45','2025-04-21 22:18:01',NULL,'The indigo Shirt combines Kuwait aesthetics with Molybdenum-based durability'),(2841,3,4,10,'Gorgeous Silk Bacon',846,944.69,865,19,'fZOJQncVN2','2024-07-20 09:34:05','2025-04-21 20:24:18',NULL,'New white Soap with ergonomic design for foolhardy comfort'),(2843,6,21,6,'Soft Metal Shirt',2904,112.19,770,66,'kHpX8i6na0','2024-11-28 05:15:07','2025-04-21 08:01:35',NULL,'Featuring Chlorine-enhanced technology, our Sausages offers unparalleled magnificent performance'),(2846,3,9,7,'Handmade Aluminum Towels',461,266.89,771,93,'GGNaU117Pp','2025-04-19 10:50:06','2025-04-21 18:10:30',NULL,'Our horse-friendly Hat ensures prudent comfort for your pets'),(2852,5,19,10,'Generic Bronze Fish',1401,121.49,724,5,'FdWTteHI1l','2025-02-01 07:38:43','2025-04-21 21:36:10',NULL,'Our hippopotamus-friendly Car ensures old comfort for your pets'),(2859,2,4,8,'Licensed Ceramic Keyboard',3357,394,966,70,'FejLe7sVhz','2025-03-08 11:32:56','2025-04-21 22:35:15',NULL,'Our penguin-friendly Bacon ensures super comfort for your pets'),(2866,5,16,18,'Modern Bronze Bacon',1074,280.2,364,54,'UzmegVg79O','2025-04-04 08:33:34','2025-04-21 13:02:07',NULL,'Our savory-inspired Bike brings a taste of luxury to your neat lifestyle'),(2874,3,16,16,'Bespoke Metal Salad',235,527.14,993,23,'4KYB5zCW0C','2024-09-23 01:01:15','2025-04-21 14:49:27',NULL,'The Optional demand-driven data-warehouse Tuna offers reliable performance and oddball design'),(2877,3,20,11,'Sleek Cotton Pants',3740,830.75,47,91,'XHEvb4Bwfn','2025-03-18 21:25:57','2025-04-21 13:02:23',NULL,'New Soap model with 79 GB RAM, 674 GB storage, and gigantic features'),(2879,10,16,12,'Awesome Plastic Chips',2144,207.35,998,49,'xpoiYyAXyJ','2024-07-05 18:44:33','2025-04-21 08:45:08',NULL,'Innovative Table featuring altruistic technology and Rubber construction'),(2880,2,17,9,'Handmade Concrete Bike',1186,277.75,692,100,'gZl8RDNdo4','2024-06-03 09:05:25','2025-04-21 08:50:53',NULL,'Handmade Gloves designed with Aluminum for rapid performance'),(2895,5,19,1,'Oriental Wooden Sausages',4634,588.86,623,89,'TscW30iyEJ','2025-04-12 20:35:33','2025-04-21 01:15:24',NULL,'The sleek and blue Car comes with lavender LED lighting for smart functionality'),(2899,15,19,18,'Gorgeous Steel Soap',337,517.69,513,96,'w8RboXmpZx','2024-05-19 10:09:46','2025-04-21 04:56:38',NULL,'Our bat-friendly Fish ensures extroverted comfort for your pets'),(2901,15,2,10,'Frozen Cotton Bacon',398,371.79,73,72,'LYkFw5AsYr','2025-01-11 01:31:22','2025-04-21 00:39:34',NULL,'Experience the ivory brilliance of our Fish, perfect for late environments'),(2902,5,2,12,'Small Rubber Shirt',1749,52.69,532,56,'AzQOhHhkvB','2025-02-07 18:55:16','2025-04-21 00:28:24',NULL,'Savor the sweet essence in our Hat, designed for young culinary adventures'),(2903,15,20,19,'Modern Bamboo Shirt',1650,719.95,922,79,'5ETCBZYjq4','2025-03-25 19:21:42','2025-04-21 07:25:17',NULL,'Featuring Thulium-enhanced technology, our Mouse offers unparalleled frail performance'),(2905,6,7,20,'Generic Bronze Fish',239,179.1,196,39,'dX7Sa9nijv','2025-02-02 12:39:05','2025-04-21 18:51:56',NULL,'Small Gloves designed with Silk for perfumed performance'),(2910,6,19,19,'Handmade Ceramic Chips',2858,222.79,906,50,'nIczV8jhcn','2024-05-31 11:10:55','2025-04-21 08:19:13',NULL,'Introducing the Nicaragua-inspired Cheese, blending favorite style with local craftsmanship'),(2930,5,18,11,'Fresh Steel Shirt',2252,698.59,742,74,'wDhEOXzxOO','2024-06-18 00:17:41','2025-04-21 12:05:10',NULL,'Our sweet-inspired Shirt brings a taste of luxury to your lovely lifestyle'),(2935,5,2,12,'Intelligent Plastic Hat',3615,725.6,685,17,'BL58grsdHZ','2024-05-12 01:55:40','2025-04-21 13:17:40',NULL,'Introducing the Uzbekistan-inspired Mouse, blending crooked style with local craftsmanship'),(2939,3,16,13,'Fresh Steel Shirt',3649,858.89,832,51,'h748RhnWn0','2025-02-17 05:55:41','2025-04-21 10:12:37',NULL,'Professional-grade Salad perfect for pessimistic training and recreational use'),(3003,2,9,9,'Small Ceramic Cheese',1066,512.19,815,81,'mWc2OGV3aY','2025-01-24 13:13:29','2025-04-21 08:34:05',NULL,'Our fluffy-inspired Shirt brings a taste of luxury to your brilliant lifestyle'),(3004,6,7,5,'Fresh Bronze Towels',890,710.19,903,60,'RU3rPwDclx','2024-07-08 14:30:18','2025-04-21 18:01:07',NULL,'Our wolf-friendly Fish ensures slushy comfort for your pets'),(3009,5,16,14,'Small Wooden Pants',1187,304.39,212,43,'VJyFZ6mY9M','2025-03-07 13:04:38','2025-04-21 21:01:50',NULL,'Discover the flamingo-like agility of our Table, perfect for black-and-white users'),(3017,6,20,4,'Awesome Rubber Shirt',1243,301.69,632,67,'SADPod1AGa','2025-02-02 08:01:00','2025-04-21 21:15:50',NULL,'Ergonomic Pizza made with Wooden for all-day excellent support'),(3025,10,4,1,'Handcrafted Gold Chair',4626,514.7,380,78,'6uHxWr55LI','2024-11-27 15:05:03','2025-04-21 22:55:35',NULL,'Recycled Sausages designed with Bronze for comfortable performance'),(3031,5,20,19,'Tasty Marble Fish',3455,113.89,172,47,'QZumKoqKlp','2024-05-19 08:37:51','2025-04-21 06:11:01',NULL,'New Keyboard model with 72 GB RAM, 619 GB storage, and competent features'),(3045,10,19,3,'Ergonomic Marble Shirt',3514,33.09,63,80,'S9C1yg9KrJ','2025-03-10 20:03:32','2025-04-21 15:18:42',NULL,'New Shirt model with 3 GB RAM, 348 GB storage, and medium features'),(3048,15,9,3,'Modern Gold Car',4359,403.55,861,36,'52YEdrry2m','2024-05-03 15:20:11','2025-04-21 17:43:09',NULL,'Ergonomic Hat made with Silk for all-day well-to-do support'),(3054,3,2,19,'Small Granite Pants',325,445.39,238,3,'IPDVhyn10F','2025-02-05 06:29:33','2025-04-21 00:42:03',NULL,'Discover the unwelcome new Car with an exciting mix of Cotton ingredients'),(3057,2,18,5,'Refined Concrete Gloves',1728,933.45,265,90,'7dOQ73qNkr','2024-10-10 12:44:14','2025-04-21 04:19:37',NULL,'Zemlak, Schamberger and Kuhlman\'s most advanced Fish technology increases jaunty capabilities'),(3061,10,17,6,'Frozen Bronze Soap',4359,991.15,331,67,'Aqy1fnhwKD','2024-06-02 02:14:34','2025-04-21 08:13:21',NULL,'Our whale-friendly Bacon ensures inconsequential comfort for your pets'),(3075,5,9,9,'Electronic Gold Shoes',4856,316.05,952,8,'I8K5QAbYUp','2024-05-23 01:56:48','2025-04-21 04:01:20',NULL,'New Sausages model with 59 GB RAM, 656 GB storage, and rusty features'),(3079,6,21,3,'Tasty Steel Cheese',2435,759.89,319,73,'VJGMpzhCld','2024-05-11 01:46:23','2025-04-21 18:57:39',NULL,'Stylish Shirt designed to make you stand out with talkative looks'),(3106,6,20,15,'Refined Cotton Shoes',2112,327.13,793,49,'OXuvvu3BpP','2024-11-08 21:40:25','2025-04-21 22:17:42',NULL,'Discover the bear-like agility of our Chicken, perfect for descriptive users'),(3156,3,21,15,'Small Granite Car',1594,531.29,544,35,'uXENT3LZY1','2024-07-29 12:15:39','2025-04-21 15:46:24',NULL,'Featuring Curium-enhanced technology, our Keyboard offers unparalleled nippy performance'),(3166,3,9,17,'Intelligent Concrete Sausages',1838,699.8,202,52,'oqdy3KvybS','2024-08-30 18:34:51','2025-04-21 22:11:06',NULL,'Discover the creative new Chair with an exciting mix of Gold ingredients'),(3168,3,18,14,'Intelligent Aluminum Hat',2364,892.99,196,63,'5mfwwo8X6L','2024-11-15 10:19:52','2025-04-21 02:37:58',NULL,'The Junius Car is the latest in a series of married products from Abshire Inc'),(3189,2,21,18,'Handcrafted Silk Shirt',4245,51.79,229,19,'RBRA4hf245','2024-10-28 01:25:34','2025-04-21 18:37:54',NULL,'The Rita Pizza is the latest in a series of likely products from Green - Kuhic'),(3193,5,21,10,'Fresh Plastic Salad',1971,94.79,408,66,'PPw2tFovVj','2024-07-10 16:07:15','2025-04-21 15:21:55',NULL,'Fresh Shirt designed with Ceramic for mealy performance'),(3194,6,21,10,'Small Steel Pizza',3716,533.29,315,40,'DFIN2eNN5b','2024-07-12 05:52:44','2025-04-21 14:48:53',NULL,'New fuchsia Shirt with ergonomic design for white comfort'),(3203,2,18,3,'Awesome Bamboo Tuna',974,965.79,501,32,'0vlJkKpfVg','2025-03-09 19:18:18','2025-04-21 20:51:28',NULL,'The sleek and linear Bacon comes with maroon LED lighting for smart functionality'),(3207,6,18,20,'Bespoke Silk Sausages',4772,513.89,634,49,'ndby1IKvBR','2024-12-30 08:59:21','2025-04-20 23:26:48',NULL,'Experience the purple brilliance of our Table, perfect for gray environments'),(3214,2,17,4,'Small Bronze Chair',155,851.69,907,51,'MDVEbhmPNn','2025-03-05 13:36:34','2025-04-21 17:40:15',NULL,'The sleek and vivid Chips comes with pink LED lighting for smart functionality'),(3216,5,4,14,'Soft Steel Hat',4692,885.05,300,55,'R7iXRxPcaC','2025-03-27 18:11:27','2025-04-21 17:44:38',NULL,'Discover the robust new Bacon with an exciting mix of Steel ingredients'),(3217,5,4,14,'Elegant Concrete Pants',1708,81.2,81,60,'BrU3xG6s29','2025-02-22 18:05:15','2025-04-21 17:25:52',NULL,'Discover the quiet new Gloves with an exciting mix of Silk ingredients'),(3225,5,7,18,'Practical Ceramic Tuna',2221,624.09,515,54,'Gzb6uWcMgA','2024-11-24 16:32:49','2025-04-21 09:43:02',NULL,'Featuring Krypton-enhanced technology, our Sausages offers unparalleled infinite performance'),(3226,5,21,19,'Bespoke Silk Bike',4879,412.39,686,70,'xI6JpRkcy9','2025-04-09 23:56:21','2025-04-20 23:18:10',NULL,'The Future-proofed global core Bike offers reliable performance and soupy design'),(3227,15,17,4,'Fresh Plastic Bacon',598,187.29,517,52,'dJ5aYKhSzu','2025-01-22 12:27:20','2025-04-21 02:48:33',NULL,'Experience the pink brilliance of our Pizza, perfect for compassionate environments'),(3233,5,19,18,'Incredible Gold Hat',2666,121.79,836,27,'EebackKj6Z','2025-02-07 07:26:21','2025-04-21 16:58:38',NULL,'New Car model with 50 GB RAM, 202 GB storage, and extroverted features'),(3235,3,21,6,'Small Rubber Pants',2031,906.95,667,36,'Lp0dDpohTw','2025-02-18 09:26:47','2025-04-21 22:46:48',NULL,'Luxurious Mouse designed with Bamboo for untidy performance'),(3237,10,16,6,'Luxurious Ceramic Fish',2852,221.99,212,6,'gmT47Zp6J2','2024-10-02 11:54:16','2025-04-21 01:40:09',NULL,'Discover the ajar new Bike with an exciting mix of Granite ingredients'),(3238,3,20,11,'Fantastic Bronze Shirt',3976,29.45,975,46,'QzxBNFdn2Q','2024-10-06 12:38:45','2025-04-21 02:25:55',NULL,'The cyan Car combines Russian Federation aesthetics with Europium-based durability'),(3241,3,16,14,'Luxurious Steel Keyboard',3624,983.59,799,79,'lO8DehIO2T','2024-11-02 04:50:27','2025-04-20 23:28:32',NULL,'Rempel Inc\'s most advanced Shirt technology increases gracious capabilities'),(3246,2,17,19,'Luxurious Gold Hat',355,51.79,370,37,'NUgyVezJ3f','2025-01-17 18:06:10','2025-04-21 08:32:51',NULL,'New Bike model with 54 GB RAM, 919 GB storage, and unrealistic features'),(3247,5,21,12,'Incredible Rubber Chicken',4000,905.73,374,1,'DSvsg1vOdW','2025-03-07 02:39:24','2025-04-21 10:47:46',NULL,'Durgan - Hegmann\'s most advanced Chair technology increases hurtful capabilities'),(3248,2,19,16,'Oriental Concrete Soap',423,916.55,383,58,'wTPUELQjwt','2024-11-27 00:59:37','2025-04-21 07:49:42',NULL,'Ergonomic Shirt made with Cotton for all-day gorgeous support'),(3262,2,16,4,'Intelligent Bamboo Ball',3757,739.69,953,64,'JKsBvBYuld','2024-10-12 09:58:26','2025-04-21 16:32:26',NULL,'Our salty-inspired Soap brings a taste of luxury to your pointed lifestyle'),(3273,10,16,12,'Recycled Concrete Pizza',2776,470.9,432,28,'DXMfFyB9I8','2024-08-05 01:52:57','2025-04-21 08:16:55',NULL,'Introducing the Lesotho-inspired Hat, blending unknown style with local craftsmanship'),(3276,2,7,3,'Oriental Ceramic Chair',1300,786.5,481,10,'ENgfplnhHT','2024-10-01 03:02:01','2025-04-21 15:25:46',NULL,'Professional-grade Car perfect for ill-fated training and recreational use'),(3282,10,20,2,'Incredible Gold Fish',1110,948.29,845,50,'OnlaAAbTw1','2025-02-15 00:20:53','2025-04-21 01:13:04',NULL,'Unbranded Table designed with Rubber for any performance'),(3299,10,17,5,'Ergonomic Silk Chair',688,74.59,606,26,'pqtIIYivii','2024-08-09 14:39:22','2025-04-21 01:11:06',NULL,'Innovative Pants featuring noted technology and Plastic construction'),(3310,2,17,18,'Intelligent Gold Fish',1295,137.89,601,18,'iien9tD26J','2024-05-12 02:19:13','2025-04-21 11:17:32',NULL,'Innovative Computer featuring pleasant technology and Bronze construction'),(3337,6,9,9,'Luxurious Aluminum Chicken',1056,215.89,633,24,'GkI3ejuxVa','2024-07-23 07:49:50','2025-04-21 01:51:20',NULL,'Dietrich, Parker and Rodriguez\'s most advanced Sausages technology increases slimy capabilities'),(3352,3,9,5,'Gorgeous Steel Chair',4431,969.02,17,19,'3uXFTJHBix','2024-10-24 00:00:45','2025-04-21 03:50:36',NULL,'The sleek and advanced Bacon comes with red LED lighting for smart functionality'),(3353,15,21,20,'Incredible Concrete Ball',1690,830.02,305,36,'mxvcKSZvfU','2024-09-13 02:56:09','2025-04-21 19:50:20',NULL,'Introducing the Lesotho-inspired Table, blending fatherly style with local craftsmanship'),(3356,10,21,17,'Elegant Bamboo Ball',4025,254.89,690,25,'Pn1oixcUm8','2025-01-13 05:31:39','2025-04-21 02:13:17',NULL,'The Nels Bacon is the latest in a series of incomparable products from Fahey, Kihn and Walker'),(3370,15,18,14,'Oriental Bamboo Soap',418,108.65,221,32,'jbKUtmAi4o','2025-04-17 18:31:13','2025-04-21 11:04:12',NULL,'The sleek and pointed Cheese comes with lime LED lighting for smart functionality'),(3374,10,9,13,'Oriental Plastic Bacon',4221,569.19,864,29,'blV1Si3jMu','2025-01-17 23:34:53','2025-04-21 07:25:31',NULL,'The sleek and emotional Gloves comes with salmon LED lighting for smart functionality'),(3375,6,16,11,'Sleek Metal Computer',1572,822.09,424,90,'vPvQuRtDcd','2024-07-09 20:14:52','2025-04-21 18:06:29',NULL,'Stylish Towels designed to make you stand out with glittering looks'),(3386,2,16,19,'Fresh Gold Table',4152,140.69,285,66,'IrKVMt0mqh','2024-10-11 00:01:44','2025-04-21 17:35:35',NULL,'The Daphney Hat is the latest in a series of mean products from Champlin, Bernhard and Hodkiewicz'),(3390,3,7,3,'Practical Bamboo Soap',2750,599.49,971,96,'6YNVEjytYn','2024-11-06 18:57:00','2025-04-21 10:52:12',NULL,'The cyan Chair combines Qatar aesthetics with Actinium-based durability'),(3392,2,17,13,'Tasty Aluminum Cheese',4200,869.79,229,76,'FaUA1buD0B','2025-01-24 14:43:47','2025-04-21 15:18:01',NULL,'Savor the bitter essence in our Bacon, designed for well-documented culinary adventures'),(3409,6,16,16,'Ergonomic Metal Hat',2748,235.19,61,60,'pXHLwjsdVj','2025-02-10 00:30:49','2025-04-21 17:54:13',NULL,'Sleek Fish designed with Wooden for mean performance'),(3412,2,7,16,'Generic Rubber Sausages',3750,283.55,822,95,'qtJSuV5e72','2025-04-05 10:11:26','2025-04-21 09:56:58',NULL,'New Soap model with 68 GB RAM, 541 GB storage, and bossy features'),(3415,6,9,3,'Intelligent Silk Fish',2663,609.35,230,84,'5HXzjfwPRG','2024-06-23 08:29:31','2025-04-21 15:48:14',NULL,'Discover the cheerful new Salad with an exciting mix of Silk ingredients'),(3431,10,18,10,'Soft Bamboo Towels',1063,545.05,60,61,'PryKfCs7Os','2025-01-07 20:58:41','2025-04-21 06:15:11',NULL,'Our golden-inspired Pizza brings a taste of luxury to your vague lifestyle'),(3446,15,18,10,'Tasty Gold Chicken',3682,724.89,686,41,'j387jTsoh8','2024-08-31 12:31:35','2025-04-21 08:27:54',NULL,'Practical Salad designed with Bronze for trusty performance'),(3447,3,2,11,'Rustic Granite Table',3219,917.99,533,98,'vFpSCxfAuN','2024-10-08 05:54:06','2025-04-21 18:12:20',NULL,'Our tender-inspired Chicken brings a taste of luxury to your ironclad lifestyle'),(3461,15,21,17,'Awesome Bamboo Bacon',4029,962.85,411,52,'i2oCpcuXZX','2024-12-22 04:03:03','2025-04-21 05:52:11',NULL,'Stylish Mouse designed to make you stand out with agitated looks'),(3476,5,18,11,'Fresh Bronze Mouse',1068,539.65,58,77,'oee66TTzBk','2024-07-17 06:48:32','2025-04-21 05:13:08',NULL,'Innovative Pants featuring remorseful technology and Cotton construction'),(3510,6,2,6,'Oriental Marble Cheese',1031,9.19,844,13,'sxXigqnFCo','2024-06-18 20:35:13','2025-04-21 02:56:05',NULL,'Oriental Ball designed with Plastic for shy performance'),(3515,6,2,17,'Intelligent Wooden Computer',699,248,145,100,'hSyfZCDBeC','2024-12-04 03:51:52','2025-04-21 06:40:47',NULL,'New Fish model with 47 GB RAM, 373 GB storage, and honorable features'),(3522,5,7,16,'Fresh Wooden Shirt',3908,49.09,435,29,'jP9oNCqrkJ','2024-05-23 03:15:48','2025-04-21 13:35:21',NULL,'The sleek and intelligent Bacon comes with gold LED lighting for smart functionality'),(3523,2,21,19,'Awesome Wooden Chips',4552,447.19,149,97,'qxD2rwFmxe','2025-01-30 05:50:45','2025-04-21 20:33:38',NULL,'Stylish Chips designed to make you stand out with good looks'),(3529,15,9,10,'Tasty Concrete Tuna',2615,45.49,673,97,'5nzhEgvhBI','2025-03-02 01:00:24','2025-04-21 04:35:15',NULL,'New Shoes model with 14 GB RAM, 114 GB storage, and soupy features'),(3536,5,7,20,'Small Bamboo Shirt',4179,902.79,118,50,'quaMrL1LSH','2024-09-30 08:37:24','2025-04-21 14:56:47',NULL,'The Ezra Hat is the latest in a series of frightened products from Will LLC'),(3537,3,18,18,'Recycled Plastic Keyboard',2466,209.35,832,83,'GfTZJ3BLlE','2025-01-27 11:40:19','2025-04-21 18:41:21',NULL,'Introducing the Belize-inspired Salad, blending basic style with local craftsmanship'),(3544,15,16,15,'Handmade Bamboo Car',4724,576.39,680,24,'c7zzNqZyN9','2024-09-26 23:15:18','2025-04-21 11:52:35',NULL,'Professional-grade Hat perfect for delirious training and recreational use'),(3546,6,4,13,'Refined Gold Shirt',716,49.37,857,43,'tKJVzDplkc','2025-03-12 08:47:15','2025-04-21 00:59:26',NULL,'Introducing the Paraguay-inspired Chair, blending shabby style with local craftsmanship'),(3551,10,7,2,'Ergonomic Plastic Shoes',1265,640.25,913,86,'hPQkSAIyRL','2024-05-05 11:11:25','2025-04-21 01:19:10',NULL,'Professional-grade Shirt perfect for vague training and recreational use'),(3555,3,7,2,'Ergonomic Ceramic Chicken',229,488.75,179,99,'RIPYL5K92G','2024-09-02 17:08:22','2025-04-21 14:04:14',NULL,'The sleek and rotten Bike comes with magenta LED lighting for smart functionality'),(3567,3,4,20,'Fantastic Aluminum Hat',4320,772.99,61,69,'bvwn95bLsu','2024-10-09 21:15:29','2025-04-21 17:21:18',NULL,'Featuring Actinium-enhanced technology, our Keyboard offers unparalleled uniform performance'),(3574,5,4,12,'Practical Metal Soap',1989,273.89,327,62,'grqTYHBbVX','2024-05-01 17:15:58','2025-04-21 12:41:20',NULL,'Savor the creamy essence in our Car, designed for trivial culinary adventures'),(3576,6,9,7,'Fresh Wooden Chicken',2412,526.2,216,23,'BCUZIKAsFN','2024-07-28 02:27:26','2025-04-21 06:04:39',NULL,'Discover the tight new Bike with an exciting mix of Bronze ingredients'),(3587,2,9,4,'Fantastic Rubber Shirt',2896,269.99,660,62,'euZgs9VWui','2024-10-31 00:10:16','2025-04-21 15:48:26',NULL,'Featuring Indium-enhanced technology, our Pizza offers unparalleled mysterious performance'),(3588,6,21,19,'Elegant Bamboo Cheese',2437,945.09,636,40,'YZfC7bsj2k','2025-02-16 16:57:38','2025-04-21 06:22:46',NULL,'The Eleanore Pants is the latest in a series of surprised products from Moen LLC'),(3598,5,4,12,'Generic Gold Salad',118,638.15,819,35,'glIAsUAyeS','2024-11-21 15:44:21','2025-04-21 02:24:03',NULL,'Discover the fox-like agility of our Towels, perfect for stunning users'),(3602,6,9,12,'Modern Metal Bike',3533,68.59,746,57,'2JDvFU5Cgo','2024-11-10 22:03:26','2025-04-21 22:03:25',NULL,'Discover the penguin-like agility of our Bike, perfect for massive users'),(3606,5,18,1,'Tasty Bamboo Pizza',1498,284.99,822,52,'FMWa4ZrjEC','2024-10-23 04:06:39','2025-04-21 07:12:30',NULL,'Innovative Table featuring closed technology and Marble construction'),(3607,10,7,16,'Awesome Concrete Cheese',4506,516.95,836,5,'RN4Ua8NMqU','2024-08-10 14:59:31','2025-04-21 20:45:34',NULL,'Our golden-inspired Chair brings a taste of luxury to your lone lifestyle'),(3615,5,4,10,'Ergonomic Granite Sausages',4486,581.09,536,75,'5aCZu0zn1V','2025-03-23 00:23:21','2025-04-21 11:08:10',NULL,'New Hat model with 14 GB RAM, 802 GB storage, and known features'),(3616,10,16,5,'Incredible Gold Bacon',2616,711.75,732,10,'YaoEOManeD','2024-07-01 04:57:22','2025-04-21 13:38:20',NULL,'Stylish Towels designed to make you stand out with courageous looks'),(3623,10,18,6,'Practical Silk Chair',1949,21.29,153,47,'aS1EkAZdln','2024-09-10 21:22:39','2025-04-21 11:19:43',NULL,'Introducing the Israel-inspired Pants, blending another style with local craftsmanship'),(3627,2,19,17,'Intelligent Bronze Gloves',3226,515.37,779,6,'kCMtqLhp4Y','2025-02-21 03:47:22','2025-04-20 23:24:05',NULL,'Discover the panda-like agility of our Sausages, perfect for rough users'),(3634,3,21,7,'Fresh Wooden Soap',1740,417.19,800,100,'5Cg3VAoW0q','2025-01-19 09:39:33','2025-04-21 16:18:00',NULL,'Innovative Fish featuring delicious technology and Ceramic construction'),(3642,5,18,14,'Bespoke Wooden Gloves',2828,248.91,703,98,'Fgo8Vavd2X','2024-09-20 08:01:51','2025-04-21 21:25:01',NULL,'Frozen Table designed with Bamboo for terrible performance'),(3690,6,17,2,'Tasty Steel Gloves',3562,728.29,801,43,'Ctwwnd9qu2','2024-08-14 09:31:47','2025-04-21 02:43:55',NULL,'New lime Mouse with ergonomic design for definite comfort'),(3694,15,17,3,'Intelligent Metal Bacon',3927,913.49,22,83,'BGLFZGN6At','2024-12-23 06:45:51','2025-04-21 05:54:21',NULL,'The Sandrine Towels is the latest in a series of competent products from Kuhic Inc'),(3704,15,17,8,'Oriental Aluminum Soap',2457,619.79,805,29,'PFLIpUEdQR','2025-02-17 00:58:10','2025-04-21 07:25:02',NULL,'Introducing the Ecuador-inspired Pants, blending short style with local craftsmanship'),(3709,10,4,5,'Incredible Aluminum Cheese',2333,710.09,313,62,'SutkdOeYrV','2025-01-25 08:19:58','2025-04-21 17:39:43',NULL,'Bespoke Fish designed with Marble for helpful performance'),(3712,10,4,2,'Intelligent Gold Computer',4717,23.2,637,86,'y1fqFziy7Z','2024-04-28 14:02:05','2025-04-21 16:35:32',NULL,'The Amani Chair is the latest in a series of unwelcome products from Haag - Abernathy'),(3716,6,2,19,'Modern Silk Bike',2549,193.05,893,33,'bh8HYrX9ij','2024-07-25 05:14:41','2025-04-20 23:58:42',NULL,'Our sour-inspired Shoes brings a taste of luxury to your wavy lifestyle'),(3723,5,21,18,'Modern Concrete Pants',4858,11.39,418,65,'Q5T9vF3PJz','2024-12-10 13:26:13','2025-04-21 01:25:10',NULL,'Stylish Shirt designed to make you stand out with willing looks'),(3729,2,17,6,'Modern Steel Tuna',3940,271.99,461,33,'tIJMf7p5UK','2025-02-27 17:07:59','2025-04-21 16:05:58',NULL,'New Shirt model with 21 GB RAM, 516 GB storage, and grounded features'),(3731,10,21,3,'Handcrafted Aluminum Table',3408,751.45,358,28,'iCDyEXfpl1','2025-02-27 19:16:39','2025-04-21 20:30:49',NULL,'New maroon Shirt with ergonomic design for quarterly comfort'),(3742,5,9,17,'Incredible Ceramic Cheese',4352,986.19,542,87,'2elP4Ndw1C','2025-02-26 13:48:54','2025-04-21 18:17:31',NULL,'Our tender-inspired Hat brings a taste of luxury to your crooked lifestyle'),(3744,15,17,14,'Oriental Wooden Cheese',2705,182.19,812,45,'1Qa9Dz4WgB','2024-08-19 07:12:32','2025-04-21 08:45:32',NULL,'Discover the showy new Sausages with an exciting mix of Bronze ingredients'),(3758,10,18,1,'Tasty Silk Mouse',3276,228.05,96,34,'jGm52w9tVm','2024-07-24 21:32:54','2025-04-21 22:50:08',NULL,'Professional-grade Chips perfect for ill training and recreational use'),(3789,3,4,7,'Rustic Aluminum Towels',1097,569.6,147,22,'P1yk8cnZ8h','2024-06-03 05:20:43','2025-04-21 07:11:48',NULL,'Discover the sea lion-like agility of our Towels, perfect for sociable users'),(3792,10,2,9,'Soft Cotton Fish',4928,452.45,95,41,'mqTDuKFya3','2024-06-17 19:30:48','2025-04-21 06:16:27',NULL,'Discover the made-up new Pizza with an exciting mix of Granite ingredients'),(3798,3,4,18,'Small Metal Gloves',4470,186.65,858,62,'fc7azdjtCt','2024-11-23 02:57:30','2025-04-21 03:22:45',NULL,'Unbranded Bacon designed with Aluminum for numb performance'),(3802,15,4,3,'Generic Bronze Ball',311,174.99,109,70,'6e0XrZipOH','2025-03-28 16:04:20','2025-04-21 19:56:14',NULL,'Our bat-friendly Sausages ensures soggy comfort for your pets'),(3804,3,4,1,'Elegant Marble Pizza',2873,694.79,610,32,'HSP1SzQUPz','2024-08-17 10:37:18','2025-04-21 14:42:56',NULL,'Savor the moist essence in our Computer, designed for fond culinary adventures'),(3814,10,19,5,'Frozen Aluminum Salad',991,122.65,189,99,'qyMon6AQqj','2025-03-21 12:27:10','2025-04-21 06:18:36',NULL,'Experience the orchid brilliance of our Pizza, perfect for useless environments'),(3815,3,20,14,'Oriental Gold Hat',3336,637.85,877,87,'KXxoY6058w','2024-06-27 21:11:31','2025-04-21 15:07:12',NULL,'Savor the delicious essence in our Bacon, designed for foolish culinary adventures'),(3834,10,7,13,'Awesome Plastic Car',3637,62.75,506,33,'HD3wwtlies','2024-10-03 07:05:43','2025-04-21 07:05:03',NULL,'Our turtle-friendly Cheese ensures limp comfort for your pets'),(3838,3,20,2,'Practical Cotton Fish',2045,426.55,78,9,'INt3REsYsb','2024-06-10 20:02:51','2025-04-21 09:30:44',NULL,'Stylish Shoes designed to make you stand out with devoted looks'),(3841,6,19,8,'Sleek Granite Cheese',363,954.89,56,82,'NHEoltpXjq','2024-09-10 13:16:10','2025-04-21 05:22:03',NULL,'Experience the pink brilliance of our Towels, perfect for lucky environments'),(3843,6,21,11,'Luxurious Wooden Keyboard',128,437.65,295,3,'DQ2J3zDuya','2025-03-10 05:12:40','2025-04-21 04:08:30',NULL,'Professional-grade Hat perfect for vengeful training and recreational use'),(3858,5,7,3,'Bespoke Steel Salad',3174,454.78,706,69,'SjyZyraWgj','2024-09-04 13:08:36','2025-04-21 16:40:19',NULL,'Savor the tangy essence in our Pants, designed for oval culinary adventures'),(3868,3,7,1,'Electronic Marble Bike',333,252.85,12,9,'PP7wUer4eE','2024-12-03 08:58:31','2025-04-21 09:02:12',NULL,'New Hat model with 75 GB RAM, 793 GB storage, and tasty features'),(3869,5,17,6,'Luxurious Plastic Gloves',1214,180.55,675,74,'uPNn083dJH','2025-04-01 21:37:55','2025-04-20 23:43:37',NULL,'Savor the golden essence in our Chips, designed for true culinary adventures'),(3870,3,4,5,'Ergonomic Cotton Gloves',2708,901.99,385,100,'ek1VFBHIVN','2024-07-21 21:49:16','2025-04-21 16:50:19',NULL,'Stylish Table designed to make you stand out with far looks'),(3889,15,16,19,'Tasty Silk Keyboard',3907,878.99,739,2,'gAMOgH7PVc','2025-04-11 23:59:26','2025-04-21 06:00:52',NULL,'The Woodrow Shoes is the latest in a series of unconscious products from Emmerich - Heathcote'),(3891,5,4,15,'Oriental Cotton Car',1715,917.49,414,49,'4HD45O1s8l','2024-08-10 03:11:25','2025-04-21 19:29:03',NULL,'Savor the spicy essence in our Ball, designed for heavy culinary adventures'),(3897,6,16,8,'Handmade Bamboo Pizza',2458,245.65,438,91,'NYoA4jNzna','2024-09-22 08:11:26','2025-04-21 15:41:38',NULL,'Our sweet-inspired Bike brings a taste of luxury to your wasteful lifestyle'),(3914,3,7,17,'Frozen Steel Cheese',1087,514.13,882,23,'sqIO7o3nPM','2024-05-19 13:43:50','2025-04-21 03:39:47',NULL,'Experience the azure brilliance of our Computer, perfect for phony environments'),(3915,15,21,9,'Fresh Marble Towels',2779,327.49,162,34,'HWbgskSdyr','2025-04-16 08:58:34','2025-04-21 19:16:05',NULL,'Introducing the Antarctica-inspired Cheese, blending diligent style with local craftsmanship'),(3920,2,21,14,'Frozen Steel Car',917,629.79,583,25,'qeNpC7VxTH','2024-10-01 08:16:20','2025-04-21 10:35:29',NULL,'Ergonomic Computer made with Steel for all-day dental support'),(3925,3,20,2,'Frozen Concrete Gloves',4350,947.39,709,37,'p8oligU6N6','2024-08-17 02:46:39','2025-04-21 14:15:38',NULL,'Stylish Bike designed to make you stand out with livid looks'),(3937,5,9,6,'Generic Rubber Table',1341,77.85,861,3,'6OHOL1klob','2024-11-05 19:31:25','2025-04-21 16:23:49',NULL,'The Toby Salad is the latest in a series of bustling products from Sanford, Homenick and Christiansen'),(3956,6,19,14,'Fresh Concrete Chair',2635,474.85,974,36,'9kLf0wC66W','2025-01-05 08:03:02','2025-04-21 17:23:59',NULL,'Innovative Chair featuring small technology and Wooden construction'),(3969,5,16,6,'Recycled Steel Ball',4162,368.15,67,59,'G4ohqEyYNS','2024-05-28 03:30:17','2025-04-21 16:58:51',NULL,'Experience the mint green brilliance of our Cheese, perfect for accomplished environments'),(3984,2,16,8,'Tasty Silk Mouse',1720,112.19,456,67,'UCOE0HyfTa','2024-05-26 19:44:24','2025-04-21 04:55:44',NULL,'Introducing the Trinidad and Tobago-inspired Pizza, blending writhing style with local craftsmanship'),(3995,5,9,6,'Refined Metal Hat',1436,342.33,828,3,'109IaOvU7h','2024-12-02 18:26:02','2025-04-21 22:08:12',NULL,'The yellow Gloves combines Solomon Islands aesthetics with Arsenic-based durability'),(3999,5,20,16,'Electronic Bamboo Towels',3190,253.99,323,99,'gQYzb76Fd9','2025-01-28 02:57:20','2025-04-21 08:39:48',NULL,'Introducing the Greenland-inspired Fish, blending usable style with local craftsmanship'),(4000,10,18,12,'Elegant Bronze Chicken',1791,595.25,19,1,'4BHaTSlkg0','2024-12-27 20:34:23','2025-04-21 17:43:38',NULL,'The Pinkie Pants is the latest in a series of vague products from Marquardt, Fahey and Yost');
/*!40000 ALTER TABLE `product` ENABLE KEYS */;
UNLOCK TABLES;

--
-- Table structure for table `stock_in`
--

DROP TABLE IF EXISTS `stock_in`;
/*!40101 SET @saved_cs_client     = @@character_set_client */;
/*!50503 SET character_set_client = utf8mb4 */;
CREATE TABLE `stock_in` (
  `stock_inID` int NOT NULL AUTO_INCREMENT,
  `productID` int NOT NULL,
  `stock_in_quantity` int DEFAULT NULL,
  `stock_in_date` datetime DEFAULT CURRENT_TIMESTAMP,
  `userID` int NOT NULL,
  `product_name` varchar(70) NOT NULL,
  `suplier_name` varchar(70) NOT NULL,
  `notes` text,
  PRIMARY KEY (`stock_inID`),
  KEY `fk_stock_in_1_idx` (`productID`),
  KEY `fk_stock_in_2_idx` (`userID`),
  CONSTRAINT `fk_stock_in_product` FOREIGN KEY (`productID`) REFERENCES `product` (`productID`),
  CONSTRAINT `fk_stock_in_user` FOREIGN KEY (`userID`) REFERENCES `user` (`userID`)
) ENGINE=InnoDB DEFAULT CHARSET=utf8mb3;
/*!40101 SET character_set_client = @saved_cs_client */;

--
-- Dumping data for table `stock_in`
--

LOCK TABLES `stock_in` WRITE;
/*!40000 ALTER TABLE `stock_in` DISABLE KEYS */;
/*!40000 ALTER TABLE `stock_in` ENABLE KEYS */;
UNLOCK TABLES;

--
-- Table structure for table `stock_out`
--

DROP TABLE IF EXISTS `stock_out`;
/*!40101 SET @saved_cs_client     = @@character_set_client */;
/*!50503 SET character_set_client = utf8mb4 */;
CREATE TABLE `stock_out` (
  `stock_outID` int NOT NULL AUTO_INCREMENT,
  `productID` int NOT NULL,
  `stock_out_quantity` int DEFAULT NULL,
  `stock_out_notes` text,
  `product_name` varchar(70) NOT NULL,
  `stock_out_date` datetime DEFAULT CURRENT_TIMESTAMP,
  `userID` int NOT NULL,
  PRIMARY KEY (`stock_outID`),
  KEY `fk_stock_out_user_idx` (`userID`),
  KEY `fk_stock_out_product_idx` (`productID`),
  CONSTRAINT `fk_stock_out_product` FOREIGN KEY (`productID`) REFERENCES `product` (`productID`),
  CONSTRAINT `fk_stock_out_user` FOREIGN KEY (`userID`) REFERENCES `user` (`userID`)
) ENGINE=InnoDB DEFAULT CHARSET=utf8mb3;
/*!40101 SET character_set_client = @saved_cs_client */;

--
-- Dumping data for table `stock_out`
--

LOCK TABLES `stock_out` WRITE;
/*!40000 ALTER TABLE `stock_out` DISABLE KEYS */;
/*!40000 ALTER TABLE `stock_out` ENABLE KEYS */;
UNLOCK TABLES;

--
-- Table structure for table `sub_category`
--

DROP TABLE IF EXISTS `sub_category`;
/*!40101 SET @saved_cs_client     = @@character_set_client */;
/*!50503 SET character_set_client = utf8mb4 */;
CREATE TABLE `sub_category` (
  `sub_categoryID` int NOT NULL AUTO_INCREMENT,
  `sub_category_name` varchar(100) NOT NULL,
  `sub_sub_categoryID` int NOT NULL,
  `created_at` datetime NOT NULL DEFAULT CURRENT_TIMESTAMP,
  PRIMARY KEY (`sub_categoryID`),
  KEY `fk_sub_sub_category_1_idx` (`sub_sub_categoryID`),
  CONSTRAINT `fk_sub_category` FOREIGN KEY (`sub_sub_categoryID`) REFERENCES `sub_sub_category` (`sub_sub_categoryID`)
) ENGINE=InnoDB AUTO_INCREMENT=31 DEFAULT CHARSET=utf8mb3;
/*!40101 SET character_set_client = @saved_cs_client */;

--
-- Dumping data for table `sub_category`
--

LOCK TABLES `sub_category` WRITE;
/*!40000 ALTER TABLE `sub_category` DISABLE KEYS */;
INSERT INTO `sub_category` VALUES (2,'Clothing',8,'2024-11-07 06:37:35'),(4,'Computers',8,'2024-11-09 12:01:04'),(7,'Beauty',9,'2025-04-07 05:09:10'),(9,'Games',3,'2024-12-29 14:33:53'),(16,'Grocery',7,'2024-11-04 01:17:28'),(17,'Automotive',12,'2025-04-19 20:40:28'),(18,'Movies',3,'2024-08-14 09:23:07'),(19,'Electronics',11,'2024-08-17 14:58:01'),(20,'Tools',8,'2024-06-23 12:05:20'),(21,'Music',14,'2025-02-22 05:48:42'),(22,'Outdoors',10,'2024-05-10 01:57:18'),(23,'Sports',3,'2024-07-26 02:37:18'),(24,'Books',2,'2024-06-21 03:31:03'),(25,'Games',11,'2025-02-06 06:32:26'),(26,'Shoes',15,'2024-05-02 08:03:48'),(27,'Industrial',20,'2024-05-17 21:08:51'),(28,'Jewelry',1,'2025-02-09 06:32:45'),(29,'Health',16,'2024-09-14 11:51:35'),(30,'Music',9,'2025-02-26 01:21:49');
/*!40000 ALTER TABLE `sub_category` ENABLE KEYS */;
UNLOCK TABLES;

--
-- Table structure for table `sub_sub_category`
--

DROP TABLE IF EXISTS `sub_sub_category`;
/*!40101 SET @saved_cs_client     = @@character_set_client */;
/*!50503 SET character_set_client = utf8mb4 */;
CREATE TABLE `sub_sub_category` (
  `sub_sub_categoryID` int NOT NULL AUTO_INCREMENT,
  `sub_sub_category_name` varchar(100) NOT NULL,
  `created_at` datetime NOT NULL DEFAULT CURRENT_TIMESTAMP,
  `detail` text,
  PRIMARY KEY (`sub_sub_categoryID`)
) ENGINE=InnoDB AUTO_INCREMENT=21 DEFAULT CHARSET=utf8mb3;
/*!40101 SET character_set_client = @saved_cs_client */;

--
-- Dumping data for table `sub_sub_category`
--

LOCK TABLES `sub_sub_category` WRITE;
/*!40000 ALTER TABLE `sub_sub_category` DISABLE KEYS */;
INSERT INTO `sub_sub_category` VALUES (1,'Metal','2025-02-22 09:29:45','Adopto autus balbus comminor.'),(2,'Granite','2024-12-18 06:01:02','Surculus curriculum cotidie admoveo unde sublime.'),(3,'Silk','2025-04-13 19:27:57','Abutor aiunt denego utpote.'),(4,'Cotton','2024-12-11 15:27:34','Delectus doloremque vere.'),(5,'Aluminum','2024-12-02 23:55:40','Substantia utilis accommodo tutamen cursim amita.'),(6,'Wooden','2025-02-19 04:47:39','Thorax debeo accusantium circumvenio cognatus cicuta cenaculum decimus alter.'),(7,'Metal','2024-05-27 06:47:02','Vorax succedo conatus aperte succurro maxime.'),(8,'Cotton','2024-12-06 13:34:43','Calamitas sunt caries contra tergiversatio admoveo autus denego.'),(9,'Marble','2024-09-30 09:15:27','Cavus ipsa adficio voco vilitas acquiro paens audeo dens.'),(10,'Silk','2024-10-27 22:16:22','Tenus asporto demum antiquus.'),(11,'Ceramic','2025-03-24 07:48:28','Audentia subito volo architecto varius decens quasi vinum alius.'),(12,'Granite','2024-06-10 17:08:36','Corrigo valetudo subseco canis tantum textus tolero animi virgo.'),(13,'Metal','2025-03-25 02:56:12','Verus torqueo ver cuppedia.'),(14,'Ceramic','2024-09-11 17:30:12','Soleo tepidus itaque anser aestas carmen candidus valens.'),(15,'Bronze','2024-06-30 18:33:25','Color corroboro tribuo repellat viscus.'),(16,'Metal','2024-09-27 15:45:05','Dedico spiritus doloribus pecco verbera campana tibi summopere tergum arcus.'),(17,'Cotton','2025-02-20 13:59:36','Velum adfero aequus solum curriculum attero.'),(18,'Granite','2024-08-26 01:09:01','Beatus denego admitto modi crinis candidus subseco avarus cum uberrime.'),(19,'Marble','2025-02-28 12:36:59','Deorsum audentia quidem valens minima thymum viriliter terror nobis causa.'),(20,'Metal','2024-10-18 09:57:44','Delicate cavus surculus alienus neque.');
/*!40000 ALTER TABLE `sub_sub_category` ENABLE KEYS */;
UNLOCK TABLES;

--
-- Table structure for table `user`
--

DROP TABLE IF EXISTS `user`;
/*!40101 SET @saved_cs_client     = @@character_set_client */;
/*!50503 SET character_set_client = utf8mb4 */;
CREATE TABLE `user` (
  `userID` int NOT NULL AUTO_INCREMENT,
  `user_name` varchar(25) NOT NULL,
  `user_password` varchar(18) NOT NULL,
  `user_role` enum('admin','staff') NOT NULL,
  `user_last_login` datetime DEFAULT CURRENT_TIMESTAMP,
  `user_status` enum('active','inactive') DEFAULT NULL,
  `user_email` varchar(100) DEFAULT NULL,
  `created_at` datetime DEFAULT CURRENT_TIMESTAMP,
  PRIMARY KEY (`userID`),
  UNIQUE KEY `user_name_UNIQUE` (`user_name`),
  UNIQUE KEY `user_email` (`user_email`),
  UNIQUE KEY `user_email_UNIQUE` (`user_email`)
) ENGINE=InnoDB AUTO_INCREMENT=45 DEFAULT CHARSET=utf8mb3;
/*!40101 SET character_set_client = @saved_cs_client */;

--
-- Dumping data for table `user`
--

LOCK TABLES `user` WRITE;
/*!40000 ALTER TABLE `user` DISABLE KEYS */;
INSERT INTO `user` VALUES (1,'Charlene.Kulas','XclhFreInsTYt3F','admin','2025-04-18 18:44:14','active','Graciela86@hotmail.com','2025-04-19 16:01:01'),(2,'Jamarcus97','APUXHzCG3dKcgEH','admin','2025-04-19 09:51:19','inactive','Maybell46@yahoo.com','2025-04-19 16:01:01'),(3,'Adriana.Cole','uJqAlRog8e6FsA3','admin','2025-04-19 03:36:18','inactive','Peggie50@gmail.com','2025-04-19 16:01:01'),(4,'Antonietta_Collier','2ysdgZC3SrM3jwA','staff','2025-04-19 11:11:22','inactive','Theodora31@yahoo.com','2025-04-19 16:01:02'),(5,'June_Dickinson89','Fc5J3Q7Ygas0wYe','staff','2025-04-19 13:05:09','inactive','May_OHara@hotmail.com','2025-04-19 16:01:02'),(6,'Eula21','qeD7v8DhYy2yaVd','staff','2025-04-19 13:24:58','inactive','Felicia.Lubowitz-Ernser1@hotmail.com','2025-04-19 16:01:02'),(7,'Rashad_OKon','CFGHyPSjykfSMt6','staff','2025-04-19 11:19:46','inactive','Wyman65@yahoo.com','2025-04-19 16:01:02'),(8,'Sadie78','DgPP5J6SdUHP2i8','staff','2025-04-19 12:16:54','inactive','Treva28@yahoo.com','2025-04-19 16:01:02'),(9,'Karlee_Nienow56','StNlUR7kb7fhtCH','staff','2025-04-19 09:23:01','inactive','Alexane75@yahoo.com','2025-04-19 16:01:02'),(10,'Chaz_Schmitt50','5ZYMb1zy6dGl0KB','staff','2025-04-19 02:18:01','active','Nikita.Kuphal71@yahoo.com','2025-04-19 16:01:02'),(11,'Jay.Keebler','J7HwUob9eOd_hPg','staff','2025-04-18 19:58:53','inactive','King_Leuschke@hotmail.com','2025-04-19 16:01:02'),(12,'Patsy20','y6ZVorCqAlEhEHX','staff','2025-04-19 14:11:34','active','Jayne_Abbott2@yahoo.com','2025-04-19 16:01:02'),(13,'Carlos6','5sxUX5dCBxRx72R','staff','2025-04-18 19:06:16','active','Liliana.Turcotte@yahoo.com','2025-04-19 16:01:02'),(14,'Kamron_Boyer','kU_a354QQp8RCTO','staff','2025-04-18 17:44:38','inactive','Reina62@yahoo.com','2025-04-19 16:01:02'),(15,'Patrick_Robel','QyMwKuMgIgyELXI','staff','2025-04-19 13:49:12','inactive','Ellis.Stokes@yahoo.com','2025-04-19 16:01:02'),(16,'Enrique52','jj61RHCfvytTPN2','staff','2025-04-19 08:39:22','inactive','Gabe.Bins63@gmail.com','2025-04-19 16:01:02'),(17,'Milo_Skiles','1K7ehQ9JgL0ubz4','staff','2025-04-19 00:01:05','active','Reyes84@gmail.com','2025-04-19 16:01:02'),(18,'Ali35','nWH87sBZ3UkUwfZ','staff','2025-04-19 09:27:34','active','Armani.Hoeger93@gmail.com','2025-04-19 16:01:02'),(19,'Boris_Luettgen','TyHyr0di3J9udJW','staff','2025-04-19 05:58:17','active','Payton_Mertz13@yahoo.com','2025-04-19 16:01:02'),(20,'Justen.Lakin58','FlBB2lEO3xtYOZd','staff','2025-04-18 20:37:50','inactive','Mauricio.Muller-Kassulke@yahoo.com','2025-04-19 16:01:02'),(21,'Jerel_Cruickshank44','FL09d4x2ufJvRip','staff','2025-04-19 01:15:18','active','Kiley.Cummings-Kris98@hotmail.com','2025-04-19 16:01:02'),(22,'bell','hello','staff','2025-04-19 16:07:05','active','n.doe@example.com','2025-04-19 16:07:05'),(23,'john','hello','staff','2025-04-19 16:15:55','active','n.dwdoe@example.com','2025-04-19 16:15:55'),(24,'Princess.Kshlerin80','qikPg4CoW1BkrVf','admin','2025-04-21 21:25:17','active','Alf58@hotmail.com','2025-04-21 23:09:20'),(25,'Irma_Frami','MacyTjSrSMtG_HI','admin','2025-04-21 07:48:47','inactive','Greta8@hotmail.com','2025-04-21 23:09:20'),(26,'Kendrick_Steuber51','_qtcpZpq4ueItKX','admin','2025-04-21 05:01:58','inactive','Jarvis96@gmail.com','2025-04-21 23:09:20'),(27,'Bettye_Herzog44','pVauxN1LNnThPaP','staff','2025-04-21 11:09:22','active','Buster1@hotmail.com','2025-04-21 23:09:20'),(28,'Haylee_Kassulke87','pBchq0yj3GysWaH','staff','2025-04-21 01:47:31','active','Lindsay.Hegmann55@gmail.com','2025-04-21 23:09:20'),(29,'Oma6','aAO3lv_I6LphVWn','staff','2025-04-21 07:00:26','active','Dane.Hartmann92@gmail.com','2025-04-21 23:09:20'),(30,'Aiyana.Rodriguez43','Saiz70ZvxLKEfVc','staff','2025-04-21 19:34:24','active','Russ.Dietrich@yahoo.com','2025-04-21 23:09:20'),(31,'Lois24','QqFwI4d70NzrPbw','staff','2025-04-21 07:46:20','active','Johan_Keeling84@yahoo.com','2025-04-21 23:09:20'),(32,'Bernadine87','o5QO6BuSxe_z8_9','staff','2025-04-21 21:12:11','active','Afton.Cruickshank29@gmail.com','2025-04-21 23:09:20'),(33,'Andreanne.Weissnat74','oN6pI1lG9P1LaWU','staff','2025-04-21 12:23:06','active','Stephon.Cummings@hotmail.com','2025-04-21 23:09:20'),(34,'Trystan.Koss7','vz8BYyCmNm3SAHU','staff','2025-04-21 12:32:12','active','Gunner.Simonis-Herzog41@yahoo.com','2025-04-21 23:09:20'),(35,'Kenyatta_Bednar','h3INx6D2CVDIDLh','staff','2025-04-21 19:52:59','active','Lucile_OKon@yahoo.com','2025-04-21 23:09:20'),(36,'Elliot.Lakin98','OIxWloG1L7UI6up','staff','2025-04-21 09:55:41','active','Judson.Rippin@yahoo.com','2025-04-21 23:09:20'),(37,'Anibal.Koelpin47','cj7N7pPIZ8g69S1','staff','2025-04-21 08:11:01','active','Michelle41@yahoo.com','2025-04-21 23:09:20'),(38,'Gwendolyn.Predovic','LFoTn00zHqYRvG5','staff','2025-04-21 02:51:53','inactive','Jefferey.Leuschke@yahoo.com','2025-04-21 23:09:20'),(39,'Torrey_Boyer','VJJfHJJ1aftxfro','staff','2025-04-21 18:55:40','active','Maye_Senger89@yahoo.com','2025-04-21 23:09:20'),(40,'Darby5','nAmHWfxHhvIsXme','staff','2025-04-21 16:10:22','inactive','Leilani_Ziemann29@gmail.com','2025-04-21 23:09:20'),(41,'Alberta84','L6nWU6J8m1yPGcY','staff','2025-04-21 08:56:28','inactive','Emely.Welch0@gmail.com','2025-04-21 23:09:20'),(42,'Christelle88','YBOZHfDPgtEyNZ9','staff','2025-04-21 16:33:47','inactive','Nils_Green33@hotmail.com','2025-04-21 23:09:20'),(43,'Blanca.Torp37','a4BxnOzISpTE4B1','staff','2025-04-20 23:25:14','inactive','Wallace_Quigley79@gmail.com','2025-04-21 23:09:20'),(44,'Miles_Berge90','su9X7pTyNNtSAF1','staff','2025-04-21 15:49:32','active','Vilma_Barrows83@hotmail.com','2025-04-21 23:09:20');
/*!40000 ALTER TABLE `user` ENABLE KEYS */;
UNLOCK TABLES;

--
-- Table structure for table `view_product_detail`
--

DROP TABLE IF EXISTS `view_product_detail`;
/*!40101 SET @saved_cs_client     = @@character_set_client */;
/*!50503 SET character_set_client = utf8mb4 */;
CREATE TABLE `view_product_detail` (
  `product_id` int DEFAULT NULL,
  `product_name` int DEFAULT NULL,
  `sku` int DEFAULT NULL,
  `stock` int DEFAULT NULL,
  `min_stock` int DEFAULT NULL,
  `category_name` int DEFAULT NULL,
  `created_at` int DEFAULT NULL,
  `updated_at` int DEFAULT NULL
) ENGINE=InnoDB DEFAULT CHARSET=utf8mb3;
/*!40101 SET character_set_client = @saved_cs_client */;

--
-- Dumping data for table `view_product_detail`
--

LOCK TABLES `view_product_detail` WRITE;
/*!40000 ALTER TABLE `view_product_detail` DISABLE KEYS */;
/*!40000 ALTER TABLE `view_product_detail` ENABLE KEYS */;
UNLOCK TABLES;

--
-- Table structure for table `view_stock_in_history`
--

DROP TABLE IF EXISTS `view_stock_in_history`;
/*!40101 SET @saved_cs_client     = @@character_set_client */;
/*!50503 SET character_set_client = utf8mb4 */;
CREATE TABLE `view_stock_in_history` (
  `transaction_id` int DEFAULT NULL,
  `date` int DEFAULT NULL,
  `product_name` int DEFAULT NULL,
  `quantity` int DEFAULT NULL,
  `supplier_name` int DEFAULT NULL,
  `staff_name` int DEFAULT NULL,
  `notes` int DEFAULT NULL
) ENGINE=InnoDB DEFAULT CHARSET=utf8mb3;
/*!40101 SET character_set_client = @saved_cs_client */;

--
-- Dumping data for table `view_stock_in_history`
--

LOCK TABLES `view_stock_in_history` WRITE;
/*!40000 ALTER TABLE `view_stock_in_history` DISABLE KEYS */;
/*!40000 ALTER TABLE `view_stock_in_history` ENABLE KEYS */;
UNLOCK TABLES;

--
-- Table structure for table `view_stock_out_history`
--

DROP TABLE IF EXISTS `view_stock_out_history`;
/*!40101 SET @saved_cs_client     = @@character_set_client */;
/*!50503 SET character_set_client = utf8mb4 */;
CREATE TABLE `view_stock_out_history` (
  `transaction_id` int DEFAULT NULL,
  `date` int DEFAULT NULL,
  `product_name` int DEFAULT NULL,
  `quantity` int DEFAULT NULL,
  `destination` int DEFAULT NULL,
  `staff_name` int DEFAULT NULL,
  `notes` int DEFAULT NULL
) ENGINE=InnoDB DEFAULT CHARSET=utf8mb3;
/*!40101 SET character_set_client = @saved_cs_client */;

--
-- Dumping data for table `view_stock_out_history`
--

LOCK TABLES `view_stock_out_history` WRITE;
/*!40000 ALTER TABLE `view_stock_out_history` DISABLE KEYS */;
/*!40000 ALTER TABLE `view_stock_out_history` ENABLE KEYS */;
UNLOCK TABLES;
/*!40103 SET TIME_ZONE=@OLD_TIME_ZONE */;

/*!40101 SET SQL_MODE=@OLD_SQL_MODE */;
/*!40014 SET FOREIGN_KEY_CHECKS=@OLD_FOREIGN_KEY_CHECKS */;
/*!40014 SET UNIQUE_CHECKS=@OLD_UNIQUE_CHECKS */;
/*!40101 SET CHARACTER_SET_CLIENT=@OLD_CHARACTER_SET_CLIENT */;
/*!40101 SET CHARACTER_SET_RESULTS=@OLD_CHARACTER_SET_RESULTS */;
/*!40101 SET COLLATION_CONNECTION=@OLD_COLLATION_CONNECTION */;
/*!40111 SET SQL_NOTES=@OLD_SQL_NOTES */;

-- Dump completed on 2025-04-21 23:11:38
